"station","date","temp_nValid","temp_min","temp_median","temp_max","temp_mean","temp_sd","temp_iqr","spcond_nValid","spcond_min","spcond_median","spcond_max","spcond_mean","spcond_sd","spcond_iqr","sal_nValid","sal_min","sal_median","sal_max","sal_mean","sal_sd","sal_iqr","do_pct_nValid","do_pct_min","do_pct_median","do_pct_max","do_pct_mean","do_pct_sd","do_pct_iqr","do_mgl_nValid","do_mgl_min","do_mgl_median","do_mgl_max","do_mgl_mean","do_mgl_sd","do_mgl_iqr","depth_nValid","depth_min","depth_median","depth_max","depth_mean","depth_sd","depth_iqr","cdepth_nValid","cdepth_min","cdepth_median","cdepth_max","cdepth_mean","cdepth_sd","cdepth_iqr","ph_nValid","ph_min","ph_median","ph_max","ph_mean","ph_sd","ph_iqr","turb_nValid","turb_min","turb_median","turb_max","turb_mean","turb_sd","turb_iqr","doLessThan2_nValid","doLessThan2_total","doLessThan5_nValid","doLessThan5_total"
"heephwq",2022-06-27,31,20.7,20.9,21.2,20.9161290322581,0.167524673194823,0.25,31,0.14,0.14,0.14,0.14,0,0,31,0.1,0.1,0.1,0.1,0,0,31,99.2,99.5,102.7,100.135483870968,1.09986313909103,1.34999999999999,31,8.9,8.9,9.1,8.93870967741936,0.0667204084461852,0.0999999999999996,31,0.36,0.37,0.38,0.370322580645161,0.00874980798560439,0.02,31,0.32,0.32,0.33,0.321612903225806,0.00373878250552983,0,31,7.8,7.9,8,7.91612903225806,0.0454369467397651,0,31,0,0,1,0.225806451612903,0.425023718503241,0,31,0,31,0
"heephwq",2022-06-28,96,20.4,20.7,21.4,20.815625,0.305847614275303,0.524999999999999,96,0.14,0.14,0.14,0.14,0,0,96,0.1,0.1,0.1,0.1,0,0,96,99.1,99.8,105.9,101.126041666667,2.1435457487987,3.69999999999999,96,8.9,9,9.4,9.04166666666667,0.164583472129633,0.299999999999999,85,0.36,0.38,0.39,0.375176470588235,0.00839667801458841,0.01,85,0.32,0.32,0.33,0.321647058823529,0.00373116183345764,0,96,7.8,7.9,8.1,7.93645833333333,0.0952777564659924,0.0999999999999996,96,0,0,5,0.645833333333333,1.09524490572144,1,96,0,96,0
"heephwq",2022-06-29,96,20.4,20.7,21.1,20.7322916666667,0.204422056522731,0.299999999999997,96,0.14,0.14,0.14,0.14,0,0,96,0.1,0.1,0.1,0.1,0,0,96,99.2,100.45,105.1,101.266666666667,1.92143951884034,3.52500000000001,96,8.9,9,9.4,9.078125,0.155734676529295,0.299999999999999,86,0.37,0.38,0.4,0.38546511627907,0.0068008609739003,0.01,86,0.32,0.32,0.33,0.323604651162791,0.00482951482100353,0.01,96,7.8,7.9,8.1,7.940625,0.0658197298847788,0.0999999999999996,96,0,0,6,0.677083333333333,1.17423920872122,1,96,0,96,0
"heephwq",2022-06-30,96,20.5,20.9,21.4,20.8770833333333,0.281529344704641,0.5,96,0.14,0.14,0.15,0.140104166666667,0.00102062072615966,0,96,0.1,0.1,0.1,0.1,0,0,96,99.3,100,105.3,101.219791666667,1.95171286669814,3.52499999999999,96,8.9,9,9.3,9.05416666666667,0.145758752859263,0.299999999999999,60,0.38,0.39,0.41,0.392333333333333,0.00744850494990106,0.01,60,0.32,0.32,0.34,0.324666666666667,0.00595652801459883,0.01,96,7.8,7.9,8.1,7.91458333333333,0.0858139562525776,0.0999999999999996,96,0,1,17,1.16666666666667,2.37826414657355,1,96,0,96,0
"heephwq",2022-07-01,96,20.7,20.95,21.4,20.9854166666667,0.222416946848962,0.399999999999999,96,0.14,0.14,0.14,0.14,0,0,96,0.1,0.1,0.1,0.1,0,0,96,98.6,100.15,105.1,101.277083333333,1.90762895910448,3.62499999999999,96,8.8,8.95,9.3,9.025,0.149384702944057,0.299999999999999,41,0.38,0.39,0.4,0.390731707317073,0.00565254097837381,0,41,0.32,0.32,0.33,0.322926829268293,0.00460646417495263,0.01,96,7.8,7.9,8.1,7.925,0.0753937034925052,0.0999999999999996,96,0,0,3,0.4375,0.677650740659072,1,96,0,96,0
"heephwq",2022-07-02,96,20.6,20.9,21.8,21.01875,0.337580399780244,0.600000000000001,96,0.14,0.14,0.14,0.14,0,0,96,0.1,0.1,0.1,0.1,0,0,96,99.5,100.05,106.3,101.403125,2.16388797866491,3.72499999999999,96,8.9,9,9.3,9.03229166666667,0.155255166312322,0.299999999999999,51,0.38,0.38,0.39,0.384313725490196,0.00500196039999692,0.01,51,0.31,0.32,0.33,0.320980392156863,0.00412548274061803,0,96,7.8,7.9,8.1,7.95416666666667,0.0819713257524483,0.0999999999999996,96,0,0,4,0.572916666666667,0.914730810752732,1,96,0,96,0
"heephwq",2022-07-03,96,20.6,20.7,20.8,20.7260416666667,0.0757347054792919,0.100000000000001,96,0.14,0.14,0.14,0.14,0,0,96,0.1,0.1,0.1,0.1,0,0,96,99.4,100.1,103.1,100.797916666667,1.2254304650046,2.39999999999999,96,8.9,9,9.2,9.03958333333333,0.112838185648081,0.225,50,0.37,0.38,0.4,0.381,0.00886405260427919,0.02,50,0.32,0.32,0.33,0.3212,0.00328260722659316,0,96,7.8,7.9,8,7.90625,0.0722750593948308,0.0999999999999996,96,0,1,3,0.666666666666667,0.735085625755927,1,96,0,96,0
"heephwq",2022-07-04,96,20.6,20.7,21,20.7333333333333,0.141173030573843,0.299999999999997,96,0.14,0.14,0.14,0.14,0,0,96,0.1,0.1,0.1,0.1,0,0,96,99.8,100.4,104.1,101.297916666667,1.59525475059573,3.19999999999999,96,9,9,9.3,9.09479166666667,0.117311812719388,0.199999999999999,89,0.38,0.39,0.4,0.388089887640449,0.00705117728635407,0.01,89,0.31,0.32,0.33,0.320449438202247,0.00257174876810533,0,96,7.9,7.9,8,7.93333333333333,0.0473879102207272,0.0999999999999996,96,0,0,5,0.614583333333333,0.955535580506574,1,96,0,96,0
"heephwq",2022-07-05,96,20.5,20.6,21,20.6770833333333,0.145442458628592,0.199999999999999,96,0.14,0.14,0.14,0.14,0,0,96,0.1,0.1,0.1,0.1,0,0,96,99.7,100.1,103.8,101.166666666667,1.54883091168225,2.90000000000001,96,8.9,9,9.3,9.08854166666667,0.122147272341018,0.199999999999999,67,0.38,0.39,0.4,0.38910447761194,0.00792604897628644,0.02,67,0.32,0.33,0.34,0.325970149253731,0.00523962220837311,0.01,96,7.9,7.9,8,7.93020833333333,0.0461571495668909,0.0999999999999996,96,0,0,2,0.458333333333333,0.59677495831946,1,96,0,96,0
"heephwq",2022-07-06,96,20.4,20.8,21.5,20.78125,0.316331771204987,0.5,96,0.14,0.14,0.14,0.14,0,0,96,0.1,0.1,0.1,0.1,0,0,96,99.5,100.15,106.1,101.346875,1.99947114718394,3.55,96,8.9,9,9.4,9.07291666666667,0.14901724850123,0.199999999999999,59,0.35,0.37,0.39,0.371016949152542,0.00959434374572661,0.02,59,0.32,0.32,0.35,0.323728813559322,0.00584226723961882,0.01,96,7.8,7.9,8.1,7.94583333333333,0.0819713257524483,0.0999999999999996,96,0,0,3,0.447916666666667,0.630284675309359,1,96,0,96,0
"heephwq",2022-07-07,96,20.5,20.8,21.3,20.8104166666667,0.242564876472761,0.399999999999999,96,0.14,0.14,0.15,0.140104166666667,0.00102062072615966,0,96,0.1,0.1,0.1,0.1,0,0,96,99.4,100.1,105.1,101.104166666667,1.79067271491186,3.25,96,8.9,9,9.3,9.053125,0.136846533329166,0.299999999999999,56,0.35,0.36,0.38,0.363214285714286,0.00575472702366352,0.01,56,0.32,0.32,0.33,0.322857142857143,0.00455842305838552,0.01,96,7.8,7.9,8.1,7.925,0.0753937034925051,0.0999999999999996,96,0,0,11,0.770833333333333,1.61231554092515,1,96,0,96,0
"heephwq",2022-07-08,96,20.5,20.7,20.8,20.6645833333333,0.115146740856286,0.199999999999999,96,0.14,0.14,0.14,0.14,0,0,96,0.1,0.1,0.1,0.1,0,0,96,99.4,100.3,103.9,101.017708333333,1.46459944527086,2.62499999999999,96,8.9,9,9.3,9.08333333333333,0.111134500462199,0.199999999999999,70,0.37,0.375,0.39,0.376,0.00668114370144965,0.01,70,0.31,0.32,0.33,0.319857142857143,0.0026880611744986,0,96,7.8,7.9,8,7.903125,0.0760237151365145,0.2,96,0,0,1,0.208333333333333,0.408248290463863,0,96,0,96,0
"heephwq",2022-07-09,96,20.5,20.8,21.3,20.8479166666667,0.251722138652362,0.5,96,0.14,0.14,0.14,0.14,0,0,96,0.1,0.1,0.1,0.1,0,0,96,99.8,100.45,105.1,101.570833333333,1.89074848262835,3.32499999999999,96,8.9,9,9.4,9.08854166666667,0.135234526630526,0.199999999999999,96,0.37,0.39,0.41,0.3884375,0.0103951532228398,0.01,96,0.32,0.32,0.33,0.322916666666667,0.00456915670364414,0.01,96,7.8,7.9,8.1,7.92083333333333,0.090515095183844,0.0999999999999996,96,0,0,3,0.364583333333333,0.650826060790061,1,96,0,96,0
"heephwq",2022-07-10,96,20.5,20.8,21.6,20.9364583333333,0.342781130619484,0.599999999999998,96,0.14,0.14,0.14,0.14,0,0,96,0.1,0.1,0.1,0.1,0,0,96,99.8,100.35,105.6,101.68125,2.03114240605729,3.39999999999999,96,8.9,9,9.3,9.08229166666667,0.136107381498013,0.199999999999999,96,0.38,0.4,0.41,0.395104166666667,0.00794650425184316,0.01,96,0.32,0.32,0.33,0.322708333333333,0.00446722960579342,0.01,96,7.8,7.9,8.1,7.903125,0.0999506457155099,0.2,96,0,0,6,0.447916666666667,0.83186273749645,1,96,0,96,0
"heephwq",2022-07-11,96,20.5,20.8,21.4,20.8645833333333,0.285796823917628,0.5,96,0.14,0.14,0.14,0.14,0,0,96,0.1,0.1,0.1,0.1,0,0,96,99.6,100.3,105.3,101.596875,2.04653510134877,3.72499999999998,96,8.9,9,9.3,9.08854166666667,0.139071955375373,0.199999999999999,96,0.37,0.39,0.4,0.386145833333333,0.010091141677277,0.01,96,0.32,0.33,0.34,0.329375,0.00318301412930707,0,96,7.8,7.9,8.1,7.90208333333333,0.110481402737643,0.2,96,0,0,2,0.114583333333333,0.351531735983408,0,96,0,96,0
"heephwq",2022-07-12,96,20.5,20.8,21.1,20.7635416666667,0.199536194667675,0.299999999999997,96,0.14,0.14,0.14,0.14,0,0,96,0.1,0.1,0.1,0.1,0,0,96,99.5,100.2,105.4,101.409375,1.92731491022041,3.22499999999998,96,8.9,9,9.4,9.090625,0.156324982008635,0.199999999999999,96,0.37,0.38,0.4,0.381041666666667,0.00801040989379862,0.02,96,0.32,0.33,0.34,0.329791666666667,0.00289433809055821,0,96,7.8,7.9,8,7.88541666666667,0.0870319562201654,0.2,96,0,0,1,0.15625,0.364998197544216,0,96,0,96,0
"heephwq",2022-07-13,96,20.6,20.85,21.1,20.8385416666667,0.151045334196248,0.300000000000001,96,0.14,0.14,0.14,0.14,0,0,96,0.1,0.1,0.1,0.1,0,0,96,99.3,100.15,103.8,101.002083333333,1.45464621610723,2.59999999999999,96,8.9,9,9.3,9.04166666666667,0.112077667306078,0.0999999999999996,45,0.38,0.39,0.4,0.388444444444444,0.00737179993918951,0.01,45,0.32,0.33,0.34,0.328444444444444,0.00424025918780893,0,96,7.8,7.9,8,7.90208333333333,0.0820515456304809,0.2,96,0,0,2,0.458333333333333,0.521468910445679,1,96,0,96,0
"heephwq",2022-07-14,96,20.7,20.9,21.4,20.9416666666667,0.202960544087121,0.300000000000001,96,0.14,0.14,0.14,0.14,0,0,96,0.1,0.1,0.1,0.1,0,0,96,99.4,100.1,104.6,100.995833333333,1.64117523145789,2.8,96,8.9,8.9,9.3,9.00833333333333,0.127870548575434,0.199999999999999,62,0.38,0.39,0.4,0.390322580645161,0.00788602040456774,0.02,62,0.32,0.33,0.33,0.325161290322581,0.00503819362758967,0.01,96,7.9,7.9,8.1,7.94791666666667,0.0680234737605785,0.0999999999999996,96,0,1,23,1.63541666666667,3.28351477813723,2,96,0,96,0
"heephwq",2022-07-15,96,20.7,20.8,21,20.8166666666667,0.107278944485041,0.199999999999999,96,0.14,0.14,0.14,0.14,0,0,96,0.1,0.1,0.1,0.1,0,0,96,99.7,100.35,104.2,101.104166666667,1.43269467615669,2.5,96,8.9,9,9.3,9.05520833333333,0.124705794122484,0.199999999999999,90,0.37,0.39,0.4,0.384444444444444,0.00751195468377148,0.01,90,0.32,0.32,0.33,0.324888888888889,0.00502676978604528,0.01,96,7.9,7.9,8,7.93125,0.0465945558148045,0.0999999999999996,96,0,1,3,0.739583333333333,0.684332816331916,1,96,0,96,0
"heephwq",2022-07-16,96,20.7,21,21.1,20.9291666666667,0.144307177241844,0.300000000000001,96,0.14,0.14,0.14,0.14,0,0,96,0.1,0.1,0.1,0.1,0,0,96,99.9,100.45,104.3,101.347916666667,1.46157659407603,2.52499999999999,96,8.9,9,9.3,9.05208333333333,0.122241492367119,0.199999999999999,94,0.36,0.38,0.39,0.37563829787234,0.00823818941355101,0.01,94,0.32,0.32,0.35,0.323404255319149,0.00539876359588181,0.01,96,7.9,7.9,8.1,7.94270833333333,0.051798784108198,0.0999999999999996,96,0,1,1,0.552083333333333,0.499890338851626,1,96,0,96,0
"heephwq",2022-07-17,96,20.8,21,21.3,20.9947916666667,0.16246119644665,0.324999999999999,96,0.14,0.14,0.14,0.14,0,0,96,0.1,0.1,0.1,0.1,0,0,96,99.9,100.4,104.7,101.589583333333,1.69937940168674,3.3,96,8.9,9,9.3,9.06875,0.130030360827163,0.199999999999999,96,0.36,0.375,0.39,0.376145833333333,0.00716273862160303,0.01,96,0.32,0.32,0.33,0.3234375,0.0047745211939606,0.01,96,7.9,7.9,8.1,7.95,0.0695852373938457,0.0999999999999996,96,0,1,4,0.822916666666667,0.695773581844685,1,96,0,96,0
"heephwq",2022-07-18,96,20.7,20.9,21.1,20.8958333333333,0.116904519445001,0.199999999999999,96,0.14,0.14,0.14,0.14,0,0,96,0.1,0.1,0.1,0.1,0,0,96,100.3,101,104.4,101.722916666667,1.41566269894809,2.7,96,9,9,9.3,9.08854166666667,0.104498593963512,0.199999999999999,96,0.37,0.39,0.4,0.386354166666667,0.00782973975055389,0.01,96,0.32,0.32,0.33,0.324166666666667,0.00495594627783353,0.01,96,7.9,7.9,8.1,7.94166666666667,0.0536394722425204,0.0999999999999996,96,0,1,2,0.666666666666667,0.516397779494322,1,96,0,96,0
"heephwq",2022-07-19,96,20.5,20.8,21.3,20.83125,0.219718719706523,0.399999999999999,96,0.14,0.14,0.14,0.14,0,0,96,0.1,0.1,0.1,0.1,0,0,96,100.3,101.15,105.5,101.966666666667,1.67549940185428,3.32499999999999,96,9,9.1,9.4,9.115625,0.128413907264546,0.225,96,0.36,0.38,0.39,0.376145833333333,0.00898768650832515,0.01,96,0.32,0.32,0.33,0.324270833333333,0.0049725121611699,0.01,96,7.9,7.9,8.1,7.95729166666667,0.0707029243297043,0.0999999999999996,96,0,1,4,0.71875,0.854746807694043,1,96,0,96,0
"heephwq",2022-07-20,96,20.5,20.7,21.1,20.7697916666667,0.197414760641899,0.299999999999997,96,0.14,0.14,0.14,0.14,0,0,96,0.1,0.1,0.1,0.1,0,0,96,100.3,101.1,105.6,102.14375,1.88131043354584,3.42500000000001,96,9,9.1,9.4,9.13958333333333,0.155921145162457,0.300000000000001,96,0.36,0.37,0.38,0.3709375,0.00782413607136008,0.02,96,0.32,0.32,0.33,0.322916666666667,0.00456915670364414,0.01,96,7.9,7.9,8.1,7.96458333333333,0.08075846596216,0.0999999999999996,96,0,1,5,0.708333333333333,0.766628526892663,1,96,0,96,0
"heephwq",2022-07-21,96,20.5,20.75,21.3,20.80625,0.219958129986978,0.399999999999999,96,0.14,0.14,0.14,0.14,0,0,96,0.1,0.1,0.1,0.1,0,0,96,100.5,101.1,106.2,102.175,1.83406365039063,3.05,96,9,9.1,9.4,9.13229166666667,0.149732949414452,0.225,96,0.36,0.38,0.39,0.377083333333333,0.00928118262276921,0.01,96,0.32,0.325,0.33,0.325,0.00502624689950035,0.01,96,7.9,7.9,8.1,7.95520833333333,0.0737988613043895,0.0999999999999996,96,0,1,2,0.677083333333333,0.491930497158987,1,96,0,96,0
"heephwq",2022-07-22,96,20.5,20.9,21.8,21.0020833333333,0.38388023534394,0.699999999999999,96,0.14,0.14,0.14,0.14,0,0,96,0.1,0.1,0.1,0.1,0,0,96,100.5,101.25,106.7,102.459375,2.07656488233003,3.92499999999998,96,9,9.1,9.4,9.13854166666667,0.148939967890045,0.300000000000001,96,0.37,0.38,0.39,0.380520833333333,0.00812660240608994,0.02,96,0.32,0.32,0.33,0.321875,0.00392361272835448,0,96,7.9,7.9,8.1,7.96666666666667,0.084188593635038,0.0999999999999996,96,0,1,3,1.03125,0.623287126535807,0,96,0,96,0
"heephwq",2022-07-23,96,20.5,20.9,21.7,20.975,0.350338182482674,0.524999999999999,96,0.14,0.14,0.14,0.14,0,0,96,0.1,0.1,0.1,0.1,0,0,96,100.6,101.2,106.9,102.538541666667,2.10464997923353,3.325,96,9,9.1,9.4,9.140625,0.147668280455322,0.300000000000001,96,0.37,0.38,0.39,0.380416666666667,0.00806769603407601,0.02,96,0.31,0.32,0.33,0.321875,0.00418330013267038,0,96,7.9,7.9,8.1,7.965625,0.0831335324073642,0.0999999999999996,96,0,1,7,1.16666666666667,0.958800420115696,0,96,0,96,0
"heephwq",2022-07-24,96,20.5,20.9,21.8,20.975,0.419272552982199,0.699999999999999,96,0.14,0.14,0.14,0.14,0,0,96,0.1,0.1,0.1,0.1,0,0,96,100.6,101.25,106.8,102.605208333333,2.18036065542362,3.50000000000001,96,9,9.1,9.4,9.15833333333333,0.142656500703552,0.225000000000001,96,0.37,0.38,0.39,0.379791666666667,0.00781081122098241,0.02,96,0.31,0.32,0.33,0.320625,0.00318301412930707,0,96,7.9,7.9,8.1,7.96458333333333,0.0845784178850005,0.0999999999999996,96,0,0,2,0.489583333333333,0.632368840849384,1,96,0,96,0
"heephwq",2022-07-25,96,20.5,21,22,21.0416666666667,0.436412809563236,0.725000000000001,96,0.14,0.14,0.15,0.140104166666667,0.00102062072615966,0,96,0.1,0.1,0.1,0.1,0,0,96,100.8,101.55,107.4,102.85,2.37535592900805,3.84999999999999,96,9,9.1,9.5,9.16875,0.16689896092515,0.300000000000001,79,0.37,0.39,0.4,0.386582278481013,0.00749120440649671,0.01,79,0.32,0.33,0.34,0.326329113924051,0.0062382638918445,0.01,96,7.9,7.9,8.2,7.96979166666667,0.0884007521600132,0.0999999999999996,96,0,1,4,0.760416666666667,0.903149945779439,1,96,0,96,0
"heephwq",2022-07-26,96,20.7,20.8,21.1,20.88125,0.137888207961149,0.199999999999999,96,0.14,0.14,0.14,0.14,0,0,96,0.1,0.1,0.1,0.1,0,0,96,100.5,101.6,105.6,102.422916666667,1.70673459637289,3.125,96,9,9.1,9.4,9.14583333333333,0.148619377263685,0.300000000000001,96,0.35,0.38,0.4,0.373541666666667,0.0130568930508123,0.0125000000000001,96,0.31,0.32,0.34,0.323854166666667,0.0055001993584284,0.01,96,7.9,7.9,8.1,7.95625,0.0737170979238586,0.0999999999999996,96,0,0.5,2,0.520833333333333,0.542492622635585,1,96,0,96,0
"heephwq",2022-07-27,96,20.4,20.9,22,21.046875,0.512774316829539,0.824999999999996,96,0.14,0.14,0.15,0.140208333333333,0.00143575886163796,0,96,0.1,0.1,0.1,0.1,0,0,96,100.6,101.5,107.4,102.811458333333,2.27378051950429,3.825,96,9,9.1,9.5,9.1625,0.144550118789662,0.200000000000001,45,0.37,0.37,0.39,0.374222222222222,0.005430925289023,0.01,45,0.32,0.32,0.33,0.321555555555556,0.0036652889973839,0,96,7.9,7.9,8.1,7.96458333333333,0.0845784178850005,0.0999999999999996,96,0,1,8,0.84375,1.19056046067653,1,96,0,96,0
"heephwq",2022-07-28,96,20.4,20.8,21.8,20.9270833333333,0.386748705755441,0.699999999999999,96,0.14,0.14,0.14,0.14,0,0,96,0.1,0.1,0.1,0.1,0,0,96,100.6,101.4,107.4,102.739583333333,2.21646846495509,3.90000000000001,96,9,9.1,9.5,9.175,0.152867331541542,0.200000000000001,55,0.36,0.37,0.39,0.375272727272727,0.00813190913180578,0.01,55,0.32,0.33,0.34,0.327272727272727,0.00622258296212584,0.01,96,7.8,7.9,8.1,7.95625,0.0831137457755458,0.0999999999999996,96,0,1,5,0.791666666666667,0.738656912976329,1,96,0,96,0
"heephwq",2022-07-29,96,20.4,21,22,21.0239583333333,0.487689459361108,0.799999999999997,96,0.14,0.14,0.14,0.14,0,0,96,0.1,0.1,0.1,0.1,0,0,96,100.7,101.65,107.5,103.021875,2.34938751816858,4.32500000000002,96,9,9.1,9.5,9.18125,0.157822351829017,0.200000000000001,90,0.36,0.37,0.39,0.372777777777778,0.00887209712332957,0.01,90,0.32,0.33,0.34,0.325777777777778,0.00540032828335834,0.01,96,7.8,7.9,8.1,7.959375,0.0912810869901603,0.125,96,0,1,5,0.760416666666667,0.914730810752732,1,96,0,96,0
"heephwq",2022-07-30,96,20.7,21.1,21.9,21.1489583333333,0.339347606806964,0.599999999999998,96,0.14,0.14,0.14,0.14,0,0,96,0.1,0.1,0.1,0.1,0,0,96,100.8,101.9,107.6,102.986458333333,2.15077072069118,3.32499999999999,96,9,9.1,9.5,9.14895833333333,0.154915794897654,0.300000000000001,96,0.37,0.38,0.4,0.383958333333333,0.0086425101941589,0.01,96,0.32,0.33,0.33,0.326666666666667,0.00473879102207274,0.01,96,7.8,7.9,8.1,7.95208333333333,0.0845784178850006,0.0999999999999996,96,0,1,3,0.875,0.714511242591377,1,96,0,96,0
"heephwq",2022-07-31,96,20.8,21,22.1,21.1260416666667,0.319619771362183,0.400000000000002,96,0.14,0.14,0.14,0.14,0,0,96,0.1,0.1,0.1,0.1,0,0,96,100.8,101.8,108.4,103.176041666667,2.24507624025586,3.52499999999999,96,9,9.1,9.5,9.18333333333333,0.157391009351111,0.200000000000001,96,0.37,0.39,0.4,0.387916666666667,0.00905150951838441,0.01,96,0.32,0.33,0.33,0.326041666666667,0.00491596040125088,0.01,96,7.9,7.9,8.1,7.95729166666667,0.0777916132222443,0.0999999999999996,96,0,0.5,2,0.552083333333333,0.595947572167158,1,96,0,96,0
"heephwq",2022-08-01,96,20.6,20.9,21.6,20.95625,0.263103941837682,0.5,96,0.14,0.14,0.14,0.14,0,0,96,0.1,0.1,0.1,0.1,0,0,96,101.1,101.7,107.5,102.982291666667,1.97313508442871,3.3,96,9,9.1,9.5,9.19895833333333,0.127728982546861,0.200000000000001,96,0.35,0.38,0.39,0.3725,0.00994722918309681,0.02,96,0.32,0.32,0.33,0.324166666666667,0.00495594627783353,0.01,96,7.9,7.9,8.1,7.94895833333333,0.0648801188698154,0.0999999999999996,96,0,1,4,0.75,0.767771895949914,1,96,0,96,0
"heephwq",2022-08-02,96,20.6,20.75,21.6,20.8697916666667,0.276489189535187,0.350000000000001,96,0.14,0.14,0.14,0.14,0,0,96,0.1,0.1,0.1,0.1,0,0,96,100.7,101.45,107.8,102.739583333333,1.97827565354364,2.875,96,9.1,9.1,9.5,9.19270833333333,0.133175619443032,0.200000000000001,50,0.34,0.36,0.37,0.3572,0.00640153042925945,0.01,50,0.32,0.32,0.33,0.322,0.00404061017820885,0,96,7.8,7.9,8.1,7.93854166666667,0.0730822055765273,0.0999999999999996,96,0,1,2,0.8125,0.603716559496695,1,96,0,96,0
"heephwq",2022-08-03,96,20.4,20.8,21.5,20.8708333333333,0.329885679294371,0.599999999999998,96,0.14,0.14,0.14,0.14,0,0,96,0.1,0.1,0.1,0.1,0,0,96,100.8,101.5,107.2,102.759375,2.09055913573379,3.62499999999999,96,9,9.1,9.5,9.190625,0.152921118296502,0.200000000000001,63,0.33,0.34,0.35,0.34031746031746,0.00694871860274784,0.00499999999999995,63,0.32,0.33,0.35,0.327460317460317,0.00802581600077142,0.01,96,7.8,7.9,8.1,7.91458333333333,0.0994502432233978,0.2,96,0,1,3,0.875,0.714511242591377,1,96,0,96,0
"heephwq",2022-08-04,96,20.5,20.9,21.9,20.984375,0.434639142520006,0.699999999999999,96,0.14,0.14,0.14,0.14,0,0,96,0.1,0.1,0.1,0.1,0,0,96,100.8,101.55,107.5,102.815625,2.15466827951238,3.80000000000001,96,9,9.1,9.5,9.175,0.142902248518276,0.200000000000001,96,0.33,0.34,0.35,0.341979166666667,0.00719938472029916,0.00999999999999995,96,0.32,0.33,0.34,0.326354166666667,0.00525553175569207,0.01,96,7.8,7.9,8.1,7.91354166666667,0.0990691323392717,0.2,96,0,1,4,0.666666666666667,0.67538163350597,1,96,0,96,0
"heephwq",2022-08-05,96,20.6,20.9,21.6,20.9614583333333,0.270426482534792,0.400000000000002,96,0.14,0.14,0.15,0.141979166666667,0.0040052049468993,0,96,0.1,0.1,0.1,0.1,0,0,96,100.8,101.6,107,102.6125,1.75428797971983,2.8,96,9,9.1,9.4,9.16041666666667,0.12521910621548,0.125,96,0.33,0.35,0.37,0.348541666666667,0.0115146740856285,0.02,96,0.32,0.33,0.35,0.331666666666667,0.00690791562235773,0,96,7.8,7.8,8.1,7.87083333333333,0.0857372567381443,0.100000000000001,96,0,1,3,0.895833333333333,0.672452959288708,0,96,0,96,0
"heephwq",2022-08-06,96,20.7,21.15,22.2,21.215625,0.478886455062268,0.724999999999998,96,0.14,0.14,0.15,0.144270833333333,0.00497251216116988,0.00999999999999998,96,0.1,0.1,0.1,0.1,0,0,96,101.1,101.85,107.9,103.095833333333,2.17366615684274,3.34999999999999,96,9,9.1,9.5,9.15729166666667,0.149908597883171,0.300000000000001,96,0.33,0.35,0.36,0.348020833333333,0.00913291233502753,0.02,96,0.32,0.33,0.33,0.325520833333333,0.00499890338851626,0.01,96,7.8,7.9,8.1,7.90625,0.107421942284668,0.2,96,0,1,5,0.802083333333333,0.913291233502754,1,96,0,96,0
"heephwq",2022-08-07,96,20.8,21.1,22.2,21.2895833333333,0.41964375033233,0.700000000000003,96,0.14,0.14,0.14,0.14,0,0,96,0.1,0.1,0.1,0.1,0,0,96,101.2,102.05,107.8,103.313541666667,2.25927886919077,4,96,9,9.1,9.5,9.15625,0.14854558045827,0.300000000000001,96,0.34,0.36,0.37,0.3571875,0.00842341660897887,0.01,96,0.31,0.32,0.33,0.323541666666667,0.00502188194262012,0.01,96,7.8,7.9,8.1,7.93645833333333,0.0985364390698252,0.0999999999999996,96,0,1,3,0.895833333333333,0.732395732355077,1,96,0,96,0
"heephwq",2022-08-08,96,20.7,21.1,21.6,21.1041666666667,0.274117403455514,0.400000000000002,96,0.14,0.14,0.14,0.14,0,0,96,0.1,0.1,0.1,0.1,0,0,96,101.1,101.95,107,103.257291666667,2.00592515952466,3.40000000000001,96,9,9.1,9.5,9.19791666666667,0.139154716368937,0.200000000000001,96,0.36,0.37,0.38,0.3678125,0.00784093509461052,0.01,96,0.32,0.32,0.33,0.324583333333333,0.00500876424861918,0.01,96,7.8,7.9,8.1,7.95625,0.0792232023429604,0.0999999999999996,96,0,1,1,0.53125,0.501642040544954,1,96,0,96,0
"heephwq",2022-08-09,96,20.8,21.1,21.5,21.1270833333333,0.224536559755125,0.5,96,0.14,0.14,0.14,0.14,0,0,96,0.1,0.1,0.1,0.1,0,0,96,101.3,102,107,103.323958333333,1.91166748879592,3.44999999999999,96,9,9.1,9.5,9.196875,0.136461388408282,0.200000000000001,96,0.36,0.375,0.39,0.375208333333333,0.00820515456304809,0.01,96,0.32,0.32,0.33,0.324895833333333,0.00502515601573286,0.01,96,7.8,7.9,8.1,7.94479166666667,0.0708887811874741,0.0999999999999996,96,0,1,2,0.572916666666667,0.537925678033424,1,96,0,96,0
"heephwq",2022-08-10,96,20.9,21.2,22.3,21.3395833333333,0.418639190628189,0.600000000000001,96,0.02,0.02,0.14,0.0675,0.0589915248150105,0.12,96,0.1,0.1,0.1,0.1,0,0,96,100.8,101.9,107.7,103.114583333333,2.10483049282092,3.09999999999999,96,8.9,9.1,9.4,9.1375,0.145999279017686,0.300000000000001,92,0.37,0.38,0.4,0.384347826086957,0.00829462262269589,0.01,92,0.31,0.32,0.33,0.320326086956522,0.00404672896165024,0,96,7.9,7.9,8.2,7.96770833333333,0.086444130623763,0.0999999999999996,96,0,1,2,0.729166666666667,0.552109193369852,1,96,0,96,0
"heephwq",2022-08-11,96,21,21.2,22.1,21.3364583333333,0.348566928306132,0.399999999999999,96,0.02,0.02,0.02,0.02,0,0,96,0.1,0.1,0.1,0.1,0,0,96,100.8,101.2,107.8,102.872916666667,2.3002736297949,4.02500000000001,96,8.9,9,9.4,9.10729166666667,0.166224193353857,0.300000000000001,96,0.38,0.39,0.4,0.386875,0.00603716559496695,0.01,96,0.31,0.32,0.32,0.3178125,0.00415568728877731,0,96,7.9,8,8.2,7.99166666666667,0.10529823976803,0.199999999999999,96,0,1,2,0.541666666666667,0.521468910445679,1,96,0,96,0
"heephwq",2022-08-12,96,20.7,21,22.1,21.1395833333333,0.368918523786733,0.400000000000002,96,0.02,0.02,0.02,0.02,0,0,96,0.1,0.1,0.1,0.1,0,0,96,100.6,101.2,107.7,102.570833333333,2.20061793554574,3.24999999999999,96,9,9,9.4,9.1125,0.14956076040403,0.225,96,0.35,0.37,0.39,0.367395833333333,0.0105874594802348,0.01,96,0.31,0.32,0.33,0.31875,0.00362738125055006,0,96,7.9,7.9,8.2,7.98229166666667,0.101561276983189,0.125,96,0,1,4,0.65625,0.662183390085604,1,96,0,96,0
"heephwq",2022-08-13,96,20.6,21,21.6,21.0041666666667,0.276030763604603,0.399999999999999,96,0.02,0.02,0.02,0.02,0,0,96,0.1,0.1,0.1,0.1,0,0,96,100.5,101.2,107.2,102.684375,2.25893911406497,3.72500000000001,96,9,9.05,9.5,9.14375,0.172786756315103,0.300000000000001,59,0.35,0.36,0.39,0.360338983050847,0.00614932059463238,0,59,0.31,0.32,0.35,0.320338983050847,0.00524111783776733,0,96,7.9,7.9,8.2,7.99166666666667,0.10922373625455,0.199999999999999,96,0,1,3,0.822916666666667,0.794650425184316,1,96,0,96,0
"heephwq",2022-08-14,96,20.6,21,21.6,21.01875,0.301683870789833,0.424999999999997,96,0.02,0.02,0.02,0.02,0,0,96,0.1,0.1,0.1,0.1,0,0,96,100.5,101.4,107,102.729166666667,2.27933123463725,4.3,96,9,9,9.5,9.14895833333333,0.177108228384238,0.300000000000001,0,NA,NA,NA,NA,NA,NA,0,NA,NA,NA,NA,NA,NA,96,7.9,7.9,8.2,7.98541666666667,0.100503120314657,0.199999999999999,96,0,1,5,1.1875,1.00851636732276,1,96,0,96,0
"heephwq",2022-08-15,96,20.7,20.8,21.4,20.9177083333333,0.207234823159199,0.400000000000002,96,0.02,0.02,0.02,0.02,0,0,96,0.1,0.1,0.1,0.1,0,0,96,100.4,101.4,106.7,102.380208333333,1.85991622854175,3.2,96,9,9.1,9.4,9.12916666666667,0.145758752859263,0.300000000000001,0,NA,NA,NA,NA,NA,NA,0,NA,NA,NA,NA,NA,NA,96,7.9,7.9,8.1,7.96458333333333,0.08075846596216,0.0999999999999996,96,0,1,2,0.59375,0.514589770184899,1,96,0,96,0
"heephwq",2022-08-16,96,20.5,20.8,21.1,20.8125,0.194800842968023,0.399999999999999,96,0.02,0.02,0.02,0.02,0,0,96,0.1,0.1,0.1,0.1,0,0,96,100.4,100.9,105.3,102.103125,1.74612070029537,3.25000000000001,96,9,9,9.4,9.11770833333333,0.140671166885693,0.300000000000001,62,0.33,0.34,0.36,0.342903225806452,0.0101443833727708,0.02,62,0.32,0.32,0.33,0.324193548387097,0.00497481760000887,0.01,96,7.8,7.9,8.1,7.946875,0.0794098296977871,0.0999999999999996,96,0,1,2,0.78125,0.485649321175161,0.25,96,0,96,0
"heephwq",2022-08-17,96,20.6,21,21.9,21.0822916666667,0.425748824312538,0.699999999999999,96,0.02,0.02,0.02,0.02,0,0,96,0.1,0.1,0.1,0.1,0,0,96,100.5,101.1,107.5,102.497916666667,2.32165907858863,3.34999999999999,96,8.9,9,9.5,9.115625,0.162434197203214,0.300000000000001,96,0.33,0.34,0.36,0.343541666666667,0.00858139562525774,0.00999999999999995,96,0.32,0.33,0.34,0.326041666666667,0.00512561506792711,0.01,96,7.9,7.9,8.2,7.96770833333333,0.0999945173935644,0.0999999999999996,96,0,1,4,0.90625,0.681764351942038,0,96,0,96,0
"heephwq",2022-08-18,96,20.8,21.1,22,21.1677083333333,0.355259665349954,0.699999999999999,96,0.02,0.02,0.02,0.02,0,0,96,0.1,0.1,0.1,0.1,0,0,96,100.4,101.3,107.3,102.642708333333,2.27900000192451,3.7,96,8.9,9,9.4,9.11770833333333,0.155593797513145,0.199999999999999,96,0.34,0.35,0.36,0.352083333333333,0.00709583520052307,0.01,96,0.31,0.32,0.33,0.321145833333333,0.00432125509707945,0,96,7.9,7.9,8.2,7.97604166666667,0.0992018587120713,0.199999999999999,96,0,1,1,0.770833333333333,0.422502984521795,0,96,0,96,0
"heephwq",2022-08-19,96,20.8,21.3,22.4,21.378125,0.481489602008294,0.800000000000001,96,0.02,0.02,0.02,0.02,0,0,96,0.1,0.1,0.1,0.1,0,0,96,100.4,101.2,107.8,102.796875,2.3676527628145,3.92499999999998,96,8.9,9,9.4,9.09479166666667,0.157192333860661,0.199999999999999,93,0.35,0.36,0.38,0.363763440860215,0.0093150157523524,0.01,93,0.31,0.32,0.33,0.32010752688172,0.00345612992154456,0,96,7.9,7.9,8.2,7.97395833333333,0.0954157569097819,0.125,96,0,1,2,0.84375,0.568064581206268,0.25,96,0,96,0
"heephwq",2022-08-20,96,20.8,21.1,22.1,21.25,0.347320570866985,0.5,96,0.02,0.02,0.02,0.02,0,0,96,0.1,0.1,0.1,0.1,0,0,96,100.7,101.25,107.5,102.797916666667,2.26185667407002,4.17499999999998,96,9,9,9.4,9.12291666666667,0.161883107058387,0.300000000000001,96,0.35,0.37,0.38,0.370520833333333,0.00812660240608994,0.02,96,0.31,0.32,0.33,0.319270833333333,0.00298938179374464,0,96,7.9,7.9,8.2,7.97291666666667,0.0923142991337818,0.199999999999999,96,0,1,2,0.729166666666667,0.606615575253678,1,96,0,96,0
"heephwq",2022-08-21,96,20.8,21,21.4,21.0010416666667,0.177997511317119,0.25,96,0.02,0.02,0.02,0.02,0,0,96,0.1,0.1,0.1,0.1,0,0,96,100.8,101.3,106.3,102.454166666667,1.74452024270084,3.05,96,9,9.05,9.4,9.11770833333333,0.141417479502259,0.225,48,0.36,0.37,0.38,0.374375,0.00580031180379785,0.01,48,0.31,0.32,0.33,0.319375,0.0031999002644032,0,96,7.9,7.9,8.1,7.95416666666667,0.0709583520052306,0.0999999999999996,96,0,1,5,0.854166666666667,0.833245609417796,1,96,0,96,0
"heephwq",2022-08-22,96,20.7,20.9,21.4,20.90625,0.18227365199207,0.224999999999998,96,0.02,0.02,0.02,0.02,0,0,96,0.1,0.1,0.1,0.1,0,0,96,100.7,101.25,106.5,102.335416666667,1.69506895786862,3.19999999999999,96,9,9.1,9.4,9.125,0.142163730662182,0.300000000000001,73,0.34,0.36,0.39,0.359315068493151,0.00932868442601869,0.02,73,0.31,0.32,0.36,0.320958904109589,0.00670082572889421,0,96,7.9,7.9,8.1,7.94583333333333,0.0596774958319458,0.0999999999999996,96,0,1,11,1.20833333333333,1.42102014257858,0,96,0,96,0
"heephwq",2022-08-23,96,20.6,21,21.6,21,0.295937404476726,0.600000000000001,96,0.02,0.02,0.02,0.02,0,0,96,0.1,0.1,0.1,0.1,0,0,96,100.3,101.05,107.1,102.422916666667,2.07645848129969,3.45000000000002,96,8.9,9.05,9.5,9.121875,0.159078348786476,0.300000000000001,65,0.33,0.34,0.36,0.342153846153846,0.0073934742535875,0.00999999999999995,65,0.32,0.32,0.33,0.324,0.00493710441453288,0.01,96,7.8,7.9,8.1,7.9375,0.0885556619486177,0.0999999999999996,96,0,1,1,0.895833333333333,0.307080194109023,0,96,0,96,0
"heephwq",2022-08-24,96,20.7,21,21.7,21.03125,0.260490428150239,0.399999999999999,96,0.02,0.02,0.02,0.02,0,0,96,0.1,0.1,0.1,0.1,0,0,96,100.4,101.15,106.9,102.361458333333,2.04261802038291,3.30000000000001,96,9,9,9.4,9.11979166666667,0.153293520765791,0.225,73,0.33,0.34,0.36,0.344383561643836,0.00985820320706778,0.00999999999999995,73,0.31,0.32,0.33,0.320547945205479,0.00368571226302933,0,96,7.8,7.9,8.1,7.90104166666667,0.10612285994784,0.2,96,0,1,1,0.614583333333333,0.489248439024305,1,96,0,96,0
"heephwq",2022-08-25,96,20.6,21,21.6,21.0166666666667,0.28309071139335,0.5,96,0.02,0.02,0.02,0.02,0,0,96,0.1,0.1,0.1,0.1,0,0,96,100.6,101.1,106.2,102.213541666667,1.84582714544921,2.52500000000001,96,8.9,9,9.4,9.09583333333333,0.136046947521158,0.199999999999999,96,0.33,0.35,0.37,0.348645833333333,0.0105251369953996,0.00999999999999995,96,0.31,0.32,0.33,0.321354166666667,0.00425992134018475,0,96,7.8,7.9,8.1,7.909375,0.0883511236636613,0.2,96,0,1,2,0.75,0.458831467741124,1,96,0,96,0
"heephwq",2022-08-26,96,20.7,21.2,21.9,21.1979166666667,0.371335900334445,0.699999999999999,96,0.02,0.02,0.02,0.02,0,0,96,0.1,0.1,0.1,0.1,0,0,96,100.6,101.2,107.1,102.707291666667,2.22356966641558,3.72499999999999,96,8.9,9,9.4,9.11145833333333,0.165351168039206,0.225,96,0.35,0.36,0.38,0.3609375,0.00974173063626139,0.02,96,0.31,0.32,0.33,0.32,0.00290190500044005,0,96,7.8,7.9,8.1,7.9375,0.0997364949306552,0.0999999999999996,96,0,1,1,0.572916666666667,0.497251216116989,1,96,0,96,0
"heephwq",2022-08-27,96,20.9,21.2,22.1,21.325,0.369352206750656,0.524999999999999,96,0.02,0.02,0.02,0.02,0,0,96,0.1,0.1,0.1,0.1,0,0,96,100.5,101.2,107.7,102.64375,2.19869877786601,3.42500000000001,96,8.9,9,9.4,9.09583333333333,0.150729221604883,0.199999999999999,91,0.35,0.37,0.38,0.364395604395604,0.0083278370152681,0.01,91,0.31,0.32,0.32,0.318681318681319,0.00340221862541072,0,96,7.8,7.9,8.1,7.95,0.0781361834100866,0.0999999999999996,96,0,1,9,1.16666666666667,1.35853378135684,1,96,0,96,0
"heephwq",2022-08-28,96,20.8,21.1,21.9,21.18125,0.314328858966127,0.5,96,0.02,0.02,0.02,0.02,0,0,96,0.1,0.1,0.1,0.1,0,0,96,100.2,101.15,106.5,102.479166666667,2.01274448226226,3.32499999999999,96,8.9,9,9.4,9.103125,0.135687818946751,0.199999999999999,96,0.32,0.35,0.36,0.345416666666667,0.00950530784314649,0.00999999999999995,96,0.31,0.32,0.33,0.318333333333333,0.0040175055540961,0,96,7.8,7.9,8.1,7.95,0.0781361834100866,0.0999999999999996,96,0,1,6,1,1.14248114115496,1,96,0,96,0
"heephwq",2022-08-29,96,20.7,21,21.8,21.075,0.336233001918234,0.599999999999998,96,0.02,0.02,0.02,0.02,0,0,96,0.1,0.1,0.1,0.1,0,0,96,100.1,101,106.6,102.272916666667,2.04761628635356,2.92500000000001,96,8.9,9,9.4,9.1,0.14142135623731,0.199999999999999,96,0.32,0.34,0.35,0.340520833333333,0.00898768650832513,0.00999999999999995,96,0.31,0.32,0.33,0.319270833333333,0.00362586952668755,0,96,7.8,7.9,8.1,7.915625,0.0998189149884614,0.2,96,0,1,2,0.635416666666667,0.525553175569207,1,96,0,96,0
"heephwq",2022-08-30,96,20.7,21,22.2,21.1552083333333,0.421992714246577,0.624999999999996,96,0.02,0.02,0.02,0.02,0,0,96,0.1,0.1,0.1,0.1,0,0,96,99.9,101.25,107.7,102.354166666667,2.23050226426184,3.52500000000001,96,8.9,9,9.4,9.09166666666667,0.144124702339888,0.199999999999999,96,0.34,0.35,0.37,0.352604166666667,0.00823916087534552,0.01,96,0.31,0.32,0.33,0.319791666666667,0.00323766214116774,0,96,7.8,7.9,8.1,7.89166666666667,0.1022552705286,0.2,96,0,1,6,0.989583333333333,0.787999354350078,0,96,0,96,0
"heephwq",2022-08-31,96,20.6,20.85,21.7,20.94375,0.296936108669153,0.5,96,0.02,0.02,0.02,0.02,0,0,96,0.1,0.1,0.1,0.1,0,0,96,100,101.1,106.4,102.296875,2.11841316605266,3.32500000000002,96,9,9,9.4,9.11979166666667,0.149116550436345,0.199999999999999,96,0.35,0.36,0.37,0.359270833333333,0.00729019408689244,0.01,96,0.31,0.32,0.32,0.318645833333333,0.0034396424742809,0,96,7.8,7.8,8.1,7.88125,0.095490423879212,0.2,96,0,1,1,0.75,0.435285750066007,0.25,96,0,96,0
"heephwq",2022-09-01,96,20.6,21,21.7,20.9885416666667,0.32923189449213,0.600000000000001,96,0.02,0.02,0.02,0.02,0,0,96,0.1,0.1,0.1,0.1,0,0,96,100.1,100.95,106.9,102.413541666667,2.14154984663305,3.825,96,9,9.1,9.4,9.13020833333333,0.15017168537284,0.300000000000001,96,0.33,0.35,0.37,0.348958333333333,0.0106107360394199,0.02,96,0.31,0.32,0.32,0.316458333333333,0.00480770580295002,0.01,96,7.8,7.9,8.1,7.91666666666667,0.101220620602166,0.2,96,0,1,2,0.84375,0.392780238542462,0,96,0,96,0
"heephwq",2022-09-02,96,20.7,21,21.8,21.0427083333333,0.293345419408109,0.399999999999999,96,0.02,0.02,0.02,0.02,0,0,96,0.1,0.1,0.1,0.1,0,0,96,100.4,101.1,106.3,102.407291666667,2.07892911661986,3.52500000000001,96,8.9,9,9.4,9.11458333333333,0.157599870870016,0.300000000000001,96,0.33,0.34,0.36,0.345104166666667,0.00767700485272555,0.00999999999999995,96,0.31,0.32,0.33,0.322291666666667,0.00552109193369853,0.01,96,7.8,7.9,8.1,7.92708333333333,0.0851984268036948,0.0999999999999996,96,0,1,6,1.0625,0.915509636616045,0,96,0,96,0
"heephwq",2022-09-03,96,20.9,21,21.4,21.1,0.188623825028603,0.400000000000002,96,0.02,0.02,0.02,0.02,0,0,96,0.1,0.1,0.1,0.1,0,0,96,100.1,101.2,106.8,102.194791666667,1.84290216158997,1.99999999999999,96,8.9,9,9.4,9.08854166666667,0.136010674245707,0.125,96,0.34,0.36,0.38,0.361458333333333,0.010154508116483,0.02,96,0.31,0.33,0.35,0.327604166666667,0.00970564585195178,0.01,96,7.8,7.9,8.1,7.90104166666667,0.0934652107151912,0.2,96,0,1,2,0.958333333333333,0.381594071085649,0,96,0,96,0
"heephwq",2022-09-04,96,20.9,21.1,21.8,21.1739583333333,0.300961543851026,0.5,96,0.02,0.02,0.02,0.02,0,0,96,0.1,0.1,0.1,0.1,0,0,96,100.6,101.3,106.7,102.576041666667,1.96333469231181,3.15000000000001,96,9,9,9.4,9.103125,0.142498845794033,0.225,96,0.34,0.36,0.39,0.360104166666667,0.00923321141220411,0.02,96,0.31,0.32,0.35,0.3209375,0.0050425818366138,0,96,7.8,7.9,8.1,7.925,0.0917662935482246,0.0999999999999996,96,0,1,3,0.90625,0.581796220428823,0,96,0,96,0
"heephwq",2022-09-05,96,20.7,21.1,21.5,21.0625,0.243764338309727,0.5,96,0.02,0.02,0.02,0.02,0,0,96,0.1,0.1,0.1,0.1,0,0,96,94,101.2,106.2,102.391666666667,2.08097480531382,2.89999999999999,96,8.4,9,9.4,9.11041666666667,0.171359374087674,0.225,96,0.34,0.36,0.38,0.354895833333333,0.0087050852248516,0.01,96,0.31,0.32,0.36,0.320520833333333,0.00604714663755894,0,96,7.8,7.9,8.1,7.925,0.0846043423048847,0.0999999999999996,96,0,1,5,1.08333333333333,0.735085625755927,0,96,0,96,0
"heephwq",2022-09-06,96,20.9,21.3,21.8,21.265625,0.284633883029448,0.5,96,0.02,0.02,0.02,0.02,0,0,96,0.1,0.1,0.1,0.1,0,0,96,100.7,101.2,106.7,102.635416666667,1.99884067276202,3.52500000000001,96,8.9,9,9.4,9.09895833333333,0.155255166312322,0.225,96,0.33,0.35,0.36,0.349166666666667,0.00913831340728826,0.02,96,0.31,0.32,0.33,0.318645833333333,0.00400520494689931,0,96,7.9,7.9,8.1,7.959375,0.0775657615731388,0.0999999999999996,96,0,1,2,0.739583333333333,0.486551596585964,1,96,0,96,0
"heephwq",2022-09-07,96,21,21.2,22,21.3177083333333,0.318217003636683,0.399999999999999,96,0.02,0.02,0.02,0.02,0,0,96,0.1,0.1,0.1,0.1,0,0,96,100.5,101.15,106.8,102.527083333333,2.06216437992333,3.47499999999999,96,8.9,9,9.3,9.08541666666667,0.129760237739631,0.199999999999999,96,0.34,0.35,0.37,0.350833333333333,0.00816496580927725,0.02,96,0.31,0.32,0.32,0.316458333333333,0.00480770580295002,0.01,96,7.9,7.9,8.1,7.959375,0.0802340326794058,0.0999999999999996,96,0,1,3,0.604166666666667,0.552109193369852,1,96,0,96,0
"heephwq",2022-09-08,96,20.8,21,21.5,21.0135416666667,0.198212959195362,0.399999999999999,96,0.02,0.14,0.14,0.09625,0.0580607667153901,0.12,96,0.1,0.1,0.1,0.1,0,0,96,97.3,100.7,103.1,100.072916666667,1.61672047296968,2.39999999999999,96,8.7,9,9.2,8.91145833333333,0.144272980777608,0.225,96,0.33,0.34,0.36,0.344270833333333,0.00948625506128309,0.00999999999999995,96,0.31,0.32,0.33,0.321354166666667,0.00494598011502732,0,96,7.9,7.9,8.1,7.94479166666667,0.0630284675309357,0.0999999999999996,96,0,1,4,0.625,0.636602825861413,1,96,0,96,0
"heephwq",2022-09-09,96,20.7,20.9,21.2,20.9114583333333,0.15483083581541,0.300000000000001,96,0.14,0.14,0.14,0.14,0,0,96,0.1,0.1,0.1,0.1,0,0,96,97.3,97.7,102.3,98.675,1.53739355643518,2.45000000000002,96,8.7,8.7,9.1,8.80104166666667,0.129366709836941,0.200000000000001,96,0.31,0.33,0.35,0.327916666666667,0.01160006049591,0.02,96,0.32,0.33,0.34,0.326041666666667,0.00640380917343925,0.01,96,7.9,7.9,8.1,7.95104166666667,0.0739769404564572,0.0999999999999996,96,0,1,2,0.770833333333333,0.532702477772125,1,96,0,96,0
"heephwq",2022-09-10,96,20.8,21,21.6,21.05625,0.264699432325957,0.5,96,0.14,0.14,0.14,0.14,0,0,96,0.1,0.1,0.1,0.1,0,0,96,97.2,97.6,102.8,98.8166666666667,1.82501141548941,3.24999999999999,96,8.6,8.7,9.1,8.79583333333333,0.135271008032154,0.200000000000001,71,0.31,0.32,0.34,0.321408450704225,0.00914889136888608,0.02,71,0.32,0.32,0.35,0.324084507042254,0.00599463207228705,0.01,96,7.9,7.9,8.1,7.96145833333333,0.0862917836750667,0.125,96,0,0.5,2,0.541666666666667,0.578867618111642,1,96,0,96,0
"heephwq",2022-09-11,96,20.7,21,21.9,21.0729166666667,0.354958608904035,0.5,96,0.14,0.14,0.14,0.14,0,0,96,0.1,0.1,0.1,0.1,0,0,96,97.3,97.9,103.2,99.0666666666667,1.94312101996906,3,96,8.7,8.75,9.1,8.81458333333333,0.1406594743318,0.200000000000001,0,NA,NA,NA,NA,NA,NA,0,NA,NA,NA,NA,NA,NA,96,7.9,7.9,8.1,7.95520833333333,0.0792992887293601,0.0999999999999996,96,0,1,5,0.885416666666667,0.868995689731503,1,96,0,96,0
"heephwq",2022-09-12,96,20.7,21,21.7,21.0416666666667,0.27363697298146,0.399999999999999,96,0.14,0.14,0.14,0.14,0,0,96,0.1,0.1,0.1,0.1,0,0,96,97.6,98.2,103.5,99.3427083333333,1.79863953216498,3,96,8.7,8.8,9.1,8.86145833333333,0.127625926805577,0.199999999999999,63,0.37,0.38,0.4,0.381111111111111,0.00935174834630491,0.02,63,0.32,0.33,0.34,0.327301587301587,0.00544957802638357,0.01,96,7.9,7.9,8.1,7.9625,0.0823982626285923,0.0999999999999996,96,0,1,2,0.802083333333333,0.450024365812076,0,96,0,96,0
"heephwq",2022-09-13,96,20.7,20.9,21.5,20.9864583333333,0.240008680398578,0.399999999999999,96,0.14,0.14,0.14,0.14,0,0,96,0.1,0.1,0.1,0.1,0,0,96,97.7,98.1,103.3,99.3385416666667,1.82908489007146,3.3,96,8.7,8.8,9.1,8.86770833333333,0.132581487686603,0.199999999999999,96,0.35,0.36,0.38,0.36375,0.00997364949306554,0.01,96,0.32,0.32,0.33,0.323333333333333,0.00473879102207274,0.01,96,7.9,7.9,8.1,7.96666666666667,0.085429770068958,0.125,96,0,1,20,1.13541666666667,2.24133321070373,0,96,0,96,0
"heephwq",2022-09-14,96,20.6,20.9,21.8,21.0083333333333,0.367829098378629,0.600000000000001,96,0.14,0.14,0.14,0.14,0,0,96,0.1,0.1,0.1,0.1,0,0,96,97.5,98,102.9,99.2197916666667,1.79224174777181,3,96,8.7,8.8,9.1,8.85,0.121395395733377,0.0999999999999996,96,0.33,0.35,0.36,0.347291666666667,0.00945673434973211,0.00999999999999995,96,0.32,0.32,0.33,0.323541666666667,0.00480770580295002,0.01,96,7.9,7.9,8.1,7.9625,0.081110710565381,0.0999999999999996,96,0,1,3,0.802083333333333,0.554783820707939,1,96,0,96,0
"heephwq",2022-09-15,96,20.6,20.9,21.2,20.871875,0.187337649010662,0.300000000000001,96,0.14,0.14,0.14,0.14,0,0,96,0.1,0.1,0.1,0.1,0,0,96,97.5,98,102.5,99.1125,1.62501821852135,2.82499999999999,96,8.7,8.8,9.1,8.86666666666667,0.125376625595101,0.199999999999999,96,0.34,0.35,0.41,0.351979166666667,0.012019264507375,0.02,96,0.32,0.32,0.37,0.32375,0.00714511242591377,0.01,96,7.9,7.9,8.1,7.94895833333333,0.0725400675730919,0.0999999999999996,96,0,1,15,0.916666666666667,1.81030190367688,1,96,0,96,0
"heephwq",2022-09-16,96,21,21.4,22.5,21.4645833333333,0.36156943474297,0.400000000000002,96,0.09,0.14,0.15,0.1346875,0.0190817148628016,0.0225,96,0,0.1,0.1,0.0916666666666667,0.0277836251155497,0,96,97.7,99.1,101.4,99.2697916666667,0.926921309516125,1.22499999999999,96,8.6,8.7,9,8.76979166666667,0.0907510088871478,0.100000000000001,96,0.36,0.415,0.57,0.43,0.0562513157740847,0.08,96,0.34,0.38,0.55,0.401145833333333,0.0566590874704355,0.07,96,7.7,7.9,8,7.86041666666667,0.086425101941589,0.100000000000001,96,1,5,319,24.1354166666667,47.2192244060486,14.25,96,0,96,0
"heephwq",2022-09-17,96,21,21.3,22.1,21.3927083333333,0.302705273254597,0.400000000000002,96,0.15,0.16,0.16,0.158333333333333,0.00374634324632678,0,96,0.1,0.1,0.1,0.1,0,0,96,98.1,98.7,102.4,99.396875,1.3359367401506,1.89999999999999,96,8.7,8.8,9,8.79479166666667,0.098803144704553,0.125000000000002,96,0.38,0.4,0.42,0.3965625,0.012717838694237,0.0225,96,0.31,0.35,0.36,0.346666666666667,0.010922373625455,0.00999999999999995,96,7.9,7.95,8.1,7.96770833333333,0.0760813853250742,0.0999999999999996,96,1,1,5,1.41666666666667,0.67538163350597,1,96,0,96,0
"heephwq",2022-09-18,96,21,21.1,21.6,21.209375,0.1686342195404,0.199999999999999,96,0.15,0.15,0.15,0.15,0,0,96,0.1,0.1,0.1,0.1,0,0,96,97.8,98.35,102.1,99.2145833333333,1.34500864146445,2.3,96,8.7,8.8,9,8.79583333333333,0.110421838673971,0.200000000000001,96,0.35,0.37,0.39,0.369583333333333,0.0100437638852402,0.02,96,0.31,0.34,0.37,0.339166666666667,0.0104293782089136,0.02,96,7.9,7.9,8.1,7.96770833333333,0.0774525887803105,0.0999999999999996,96,1,1,2,1.0625,0.243332131696144,0,96,0,96,0
"heephwq",2022-09-19,96,20.8,21,21.3,21.059375,0.157331781511824,0.300000000000001,96,0.15,0.15,0.15,0.15,0,0,96,0.1,0.1,0.1,0.1,0,0,96,97.8,98.3,101.7,99.2875,1.36182926513143,2.7,96,8.7,8.8,9,8.85208333333333,0.102576458432534,0.125,96,0.34,0.36,0.37,0.356666666666667,0.00878595370213959,0.01,96,0.32,0.33,0.34,0.3334375,0.0059521115227243,0.01,96,7.9,7.95,8.1,7.975,0.0833508753466488,0.125,96,1,1,1,1,0,0,96,0,96,0
"heephwq",2022-09-20,96,20.7,21,21.5,21.009375,0.260395700910425,0.5,96,0.15,0.15,0.15,0.15,0,0,96,0.1,0.1,0.1,0.1,0,0,96,97.9,98.3,102,99.2760416666667,1.37226242631162,2.42499999999998,96,8.7,8.8,9.1,8.85,0.0973328526784575,0.0999999999999996,96,0.34,0.36,0.37,0.356041666666667,0.00934476117423601,0.01,96,0.32,0.33,0.35,0.3325,0.00561951486949016,0.01,96,7.9,7.9,8.1,7.97083333333333,0.0832455678183737,0.0999999999999996,96,0,1,9,1.25,1.31389337066357,0,96,0,96,0
"heephwq",2022-09-21,96,20.7,21,21.9,21.0739583333333,0.309921820928632,0.5,96,0.15,0.15,0.15,0.15,0,0,96,0.1,0.1,0.1,0.1,0,0,96,97.5,98.2,102.7,99.21875,1.65442389400439,2.32499999999999,96,8.7,8.8,9.1,8.83541666666667,0.116960782151128,0.0999999999999996,96,0.32,0.35,0.36,0.344375,0.0131239034629665,0.0225,96,0.32,0.33,0.34,0.329791666666667,0.00434781655223974,0,96,7.9,7.9,8.1,7.959375,0.0789111759145083,0.0999999999999996,96,0,1,2,0.895833333333333,0.369328456488164,0,96,0,96,0
"heephwq",2022-09-22,96,20.7,20.9,21.3,20.9697916666667,0.200588498209731,0.324999999999999,96,0.15,0.15,0.15,0.15,0,0,96,0.1,0.1,0.1,0.1,0,0,96,97.6,98,101.5,98.8604166666667,1.27043127088209,2.22499999999998,96,8.7,8.8,9,8.828125,0.0991576363277448,0.0999999999999996,96,0.31,0.33,0.34,0.3284375,0.00943990689070943,0.02,96,0.32,0.33,0.33,0.32625,0.00486664263392288,0.01,96,7.9,7.9,8.1,7.94375,0.0594934759802325,0.0999999999999996,96,0,1,8,1.07291666666667,1.01820059720094,0,96,0,96,0
"heephwq",2022-09-23,96,20.6,20.9,21.2,20.871875,0.204013995907917,0.400000000000002,96,0.15,0.15,0.15,0.15,0,0,96,0.1,0.1,0.1,0.1,0,0,96,97.5,98.1,101.9,99.0135416666667,1.35457274613119,2.39999999999999,96,8.7,8.8,9.1,8.85416666666667,0.104545801261473,0.0999999999999996,96,0.32,0.335,0.35,0.335208333333333,0.00894181974493319,0.01,96,0.32,0.33,0.34,0.331458333333333,0.00458353269103915,0,96,7.8,7.9,8.1,7.94375,0.0629327126047293,0.0999999999999996,96,0,1,9,0.9375,0.915509636616045,0,96,0,96,0
"heephwq",2022-09-24,96,20.8,21,21.6,21.0645833333333,0.224770838465673,0.300000000000001,96,0.15,0.15,0.15,0.15,0,0,96,0.1,0.1,0.1,0.1,0,0,96,97.8,98.2,102.1,99.053125,1.34938216856534,1.82500000000002,96,8.7,8.8,9.1,8.82916666666667,0.0993840680514546,0.0999999999999996,96,0.33,0.34,0.36,0.343645833333333,0.0111562860889386,0.02,96,0.32,0.33,0.34,0.33,0.00383885947974958,0,96,7.9,7.9,8.1,7.94270833333333,0.0611207461835592,0.0999999999999996,96,0,1,6,0.989583333333333,0.852177293965802,0,96,0,96,0
"heephwq",2022-09-25,96,20.8,21,21.3,21.025,0.138412046935381,0.300000000000001,96,0.14,0.15,0.15,0.149270833333333,0.00261364503153683,0,96,0.1,0.1,0.1,0.1,0,0,96,97.8,98.3,101.6,99.075,1.18561554077463,2.02500000000001,96,8.7,8.8,9.1,8.840625,0.0924270694001207,0.0999999999999996,96,0.34,0.35,0.41,0.356041666666667,0.0123526401752114,0.01,96,0.32,0.33,0.39,0.331875,0.00729996395088431,0,96,7.9,7.9,8,7.92708333333333,0.044672296057934,0.0999999999999996,96,0,1,4,0.9375,0.693010214855984,0,96,0,96,0
"heephwq",2022-09-26,96,20.7,20.9,21.6,20.990625,0.25384542540688,0.399999999999999,96,0.14,0.15,0.15,0.147291666666667,0.00446722960579341,0.00999999999999998,96,0.1,0.1,0.1,0.1,0,0,96,97.7,98.4,102.4,99.4041666666667,1.45239668835717,2.40000000000001,96,8.7,8.8,9.1,8.865625,0.103443984333246,0.0999999999999996,96,0.35,0.37,0.38,0.364583333333333,0.00845005969043592,0.01,96,0.32,0.33,0.34,0.330208333333333,0.00480770580295002,0,96,7.9,7.9,8.1,7.95520833333333,0.0752116895543106,0.0999999999999996,96,0,1,2,0.791666666666667,0.456915670364414,0,96,0,96,0
"heephwq",2022-09-27,96,20.6,20.95,21.7,21.0166666666667,0.310743308067562,0.399999999999999,96,0.14,0.14,0.15,0.142708333333333,0.00446722960579341,0.00999999999999998,96,0.1,0.1,0.1,0.1,0,0,96,97.9,98.4,103,99.3739583333333,1.51464741713892,2.375,96,8.7,8.8,9.1,8.85729166666667,0.110257871581189,0.0999999999999996,96,0.35,0.36,0.37,0.361354166666667,0.00762541341991118,0.01,96,0.32,0.33,0.33,0.3284375,0.00364998197544216,0,96,7.9,7.9,8.1,7.96145833333333,0.0799602423137721,0.0999999999999996,96,0,1,1,0.739583333333333,0.441165720543263,1,96,0,96,0
"heephwq",2022-09-28,96,20.6,20.9,21.6,21.0020833333333,0.318542459093939,0.524999999999999,96,0.14,0.14,0.14,0.14,0,0,96,0.1,0.1,0.1,0.1,0,0,96,97.9,98.4,103.2,99.4729166666667,1.57857225076244,2.5,96,8.7,8.8,9.1,8.86770833333333,0.114703087341248,0.199999999999999,96,0.35,0.36,0.38,0.36375,0.00920526165327544,0.01,96,0.32,0.34,0.36,0.340520833333333,0.00759082433172363,0.00999999999999995,96,7.9,7.9,8.1,7.96041666666667,0.0774313504666403,0.0999999999999996,96,0,1,3,0.822916666666667,0.502515601573286,0,96,0,96,0
"heephwq",2022-09-29,96,20.6,20.9,21.4,20.9322916666667,0.262175028585933,0.5,96,0.14,0.14,0.14,0.14,0,0,96,0.1,0.1,0.1,0.1,0,0,96,98,98.45,103.1,99.58125,1.61325512714609,2.52499999999999,96,8.8,8.8,9.1,8.88645833333333,0.118428118697569,0.199999999999999,96,0.35,0.37,0.38,0.365,0.00929062912152263,0.01,96,0.35,0.36,0.37,0.358020833333333,0.00626095531077397,0.01,96,7.9,7.9,8.1,7.95416666666667,0.0724266113737739,0.0999999999999996,96,0,1,2,0.739583333333333,0.486551596585964,1,96,0,96,0
"heephwq",2022-09-30,96,20.7,21,21.6,21.0447916666667,0.29731067984665,0.5,96,0.14,0.14,0.14,0.14,0,0,96,0.1,0.1,0.1,0.1,0,0,96,97.7,98.4,102.4,99.4166666666667,1.6061504594046,2.75000000000001,96,8.7,8.8,9.1,8.85208333333333,0.11874711446171,0.199999999999999,96,0.34,0.355,0.37,0.355104166666667,0.010361344321098,0.01,96,0.33,0.35,0.36,0.3496875,0.00922845998442916,0.02,96,7.8,7.9,8.1,7.94166666666667,0.0790291973582403,0.0999999999999996,96,0,1,2,0.739583333333333,0.464413419876519,1,96,0,96,0
"heephwq",2022-10-01,96,20.6,20.9,21.4,20.9135416666667,0.211570464393092,0.199999999999999,96,0.14,0.14,0.14,0.14,0,0,96,0.1,0.1,0.1,0.1,0,0,96,97.7,98.2,102.5,99.11875,1.5180536361095,2.8,96,8.7,8.8,9.1,8.85520833333333,0.119534000154694,0.199999999999999,96,0.32,0.34,0.35,0.335625,0.0088034084308295,0.01,96,0.32,0.33,0.36,0.333958333333333,0.00570856543259737,0.01,96,7.9,7.9,8.1,7.94270833333333,0.0660857364444362,0.0999999999999996,96,0,1,4,0.916666666666667,0.555672502310994,0,96,0,96,0
"heephwq",2022-10-02,96,20.6,20.8,20.9,20.7447916666667,0.115958061081687,0.199999999999999,96,0.14,0.14,0.15,0.141979166666667,0.0040052049468993,0,96,0.1,0.1,0.1,0.1,0,0,96,97.6,98.3,100.6,98.615625,0.798067155200943,1.2,96,8.8,8.8,9,8.84270833333333,0.0644732366615327,0.0999999999999996,96,0.32,0.33,0.35,0.332604166666667,0.0107844714548931,0.02,96,0.32,0.33,0.33,0.325520833333333,0.00499890338851626,0.01,96,7.9,7.9,8,7.92291666666667,0.0422502984521794,0,96,0,1,1,0.8125,0.392361272835448,0,96,0,96,0
"heephwq",2022-10-03,96,20.6,20.75,21.3,20.8302083333333,0.210822844895482,0.300000000000001,96,0.14,0.14,0.15,0.1409375,0.00293010687787825,0,96,0.1,0.1,0.1,0.1,0,0,96,97.5,98.5,102.4,99.3958333333333,1.54415138790597,2.42499999999998,96,8.8,8.8,9.1,8.88854166666667,0.119534000154694,0.199999999999999,96,0.33,0.345,0.37,0.3465625,0.0121246269611633,0.00999999999999995,96,0.32,0.32,0.33,0.3215625,0.00364998197544216,0,96,7.9,7.9,8.1,7.95208333333333,0.0739547040127536,0.0999999999999996,96,0,1,4,0.802083333333333,0.554783820707939,0,96,0,96,0
"heephwq",2022-10-04,96,20.6,21,21.3,20.9114583333333,0.239239933150875,0.400000000000002,96,0.12,0.14,0.14,0.136041666666667,0.00623726773290436,0.01,96,0.1,0.1,0.1,0.1,0,0,96,97.9,98.85,101.5,99.1354166666667,0.905536092066511,1.325,96,8.8,8.8,9.1,8.85,0.0833508753466488,0.0999999999999996,96,0.34,0.38,0.46,0.386770833333333,0.0293255696464318,0.05,96,0.32,0.35,0.43,0.3546875,0.0310162308952485,0.05,96,7.8,7.9,8,7.9,0.0481226503185788,0,96,0,2,20,3.25,3.71908307884731,3,96,0,96,0
"heephwq",2022-10-05,96,20.9,21,21.5,21.103125,0.17317659073601,0.199999999999999,96,0.14,0.15,0.15,0.148645833333333,0.00343964247428089,0,96,0.1,0.1,0.1,0.1,0,0,96,98.3,98.9,102.6,99.5197916666667,1.13068398411308,1.8,96,8.8,8.8,9.1,8.859375,0.0828163790054775,0.0999999999999996,96,0.35,0.375,0.41,0.375208333333333,0.0129760237739631,0.01,96,0.35,0.36,0.38,0.358645833333333,0.00658863322088112,0.01,96,7.9,7.9,8.1,7.94375,0.0612372435695792,0.0999999999999996,96,1,1,2,1.10416666666667,0.307080194109023,0,96,0,96,0
"heephwq",2022-10-06,96,20.7,20.9,21.2,20.9625,0.148146442485308,0.225000000000001,96,0.15,0.15,0.15,0.15,0,0,96,0.1,0.1,0.1,0.1,0,0,96,98.2,98.8,102,99.5177083333333,1.17688212455102,2.2,96,8.8,8.8,9.1,8.878125,0.0975522801805318,0.199999999999999,96,0.34,0.36,0.37,0.355,0.00917662935482246,0.01,96,0.33,0.34,0.35,0.341979166666667,0.00573443736820138,0.00999999999999995,96,7.9,7.9,8.1,7.93854166666667,0.0510310363079827,0.0999999999999996,96,0,1,3,1.0625,0.378709720804179,0,96,0,96,0
"heephwq",2022-10-07,96,20.6,20.8,21.2,20.8541666666667,0.217602567064321,0.399999999999999,96,0.15,0.15,0.15,0.15,0,0,96,0.1,0.1,0.1,0.1,0,0,96,97.5,98.6,102.4,99.4760416666667,1.48030898564538,2.375,96,8.8,8.8,9.1,8.8875,0.115394061691597,0.199999999999999,96,0.33,0.35,0.36,0.345833333333333,0.00936585811581692,0.00999999999999995,96,0.33,0.33,0.34,0.3315625,0.00364998197544216,0,96,7.9,7.9,8.1,7.93541666666667,0.0542492622635583,0.0999999999999996,96,0,1,2,0.822916666666667,0.410257728152404,0,96,0,96,0
"heephwq",2022-10-08,96,20.3,20.75,21.2,20.75625,0.276372174698121,0.5,96,0.15,0.15,0.15,0.15,0,0,96,0.1,0.1,0.1,0.1,0,0,96,97.9,98.4,102.1,99.128125,1.26845974771726,1.65000000000002,96,8.8,8.85,9.1,8.878125,0.0908476167749279,0.0999999999999996,42,0.34,0.34,0.35,0.344285714285714,0.00500870322677807,0.00999999999999995,42,0.32,0.33,0.33,0.329285714285714,0.00260661180215007,0,96,7.9,7.9,8,7.92291666666667,0.0422502984521794,0,96,0,1,3,0.979166666666667,0.522729006307367,0,96,0,96,0
"heephwq",2022-10-09,96,20.5,20.7,21,20.734375,0.144970505167157,0.299999999999997,96,0.15,0.15,0.15,0.15,0,0,96,0.1,0.1,0.1,0.1,0,0,96,97.8,98.3,102,99.09375,1.25066824243345,2,96,8.8,8.8,9.1,8.878125,0.104833828409284,0.199999999999999,0,NA,NA,NA,NA,NA,NA,0,NA,NA,NA,NA,NA,NA,96,7.8,7.9,8,7.92083333333333,0.0456915670364412,0,96,0,1,2,0.90625,0.412390336300069,0,96,0,96,0
"heephwq",2022-10-10,96,20.4,20.7,20.9,20.6479166666667,0.190279111704037,0.400000000000002,96,0.15,0.15,0.15,0.15,0,0,96,0.1,0.1,0.1,0.1,0,0,96,97.7,99.15,102.9,99.6052083333333,1.42262690982612,2.45,96,8.8,8.9,9.2,8.95208333333333,0.110481402737642,0.0999999999999996,63,0.32,0.33,0.35,0.334285714285714,0.0113185952784937,0.02,63,0.32,0.32,0.33,0.324761904761905,0.00503444357598888,0.01,96,7.8,7.9,8,7.890625,0.0326967727362875,0,96,0,1,5,0.947916666666667,0.621878168245478,0,96,0,96,0
"heephwq",2022-10-11,96,20.6,20.9,21.2,20.9104166666667,0.170126372018392,0.300000000000001,96,0.14,0.15,0.15,0.147291666666667,0.00446722960579341,0.00999999999999998,96,0.1,0.1,0.1,0.1,0,0,96,99,99.3,103.6,100.111458333333,1.4044193249706,1.82500000000002,96,8.8,8.9,9.2,8.94479166666667,0.112268279877562,0.0999999999999996,62,0.33,0.34,0.35,0.342258064516129,0.00711022234295532,0.00999999999999995,62,0.32,0.32,0.34,0.323064516129032,0.0049880873424391,0.01,96,7.8,7.9,8,7.90729166666667,0.0441165720543262,0,96,0,1,6,1.25,0.833508753466491,0,96,0,96,0
"heephwq",2022-10-12,96,20.7,21,21.8,21.0666666666667,0.353230703400145,0.599999999999998,96,0.1,0.15,0.15,0.141979166666667,0.0140390276816314,0.00999999999999998,96,0.1,0.1,0.1,0.1,0,0,96,98.5,99.35,103.2,100.191666666667,1.40657603432978,2.62500000000001,96,8.7,8.9,9.2,8.928125,0.147757357996498,0.299999999999999,62,0.32,0.345,0.47,0.355806451612903,0.0368224978937736,0.0374999999999999,62,0.32,0.33,0.47,0.349677419354839,0.0386649221267438,0.0375,96,7.7,7.9,8,7.85833333333333,0.0936585811581694,0.100000000000001,96,0,1,55,5.40625,11.1870019736252,2,96,0,96,0
"heephwq",2022-10-13,96,20.8,21.1,21.3,21.109375,0.126556103639536,0.199999999999999,96,0.14,0.15,0.15,0.149270833333333,0.00261364503153683,0,96,0.1,0.1,0.1,0.1,0,0,96,98.7,99.5,103.2,100.128125,1.16922854683626,1.8,96,8.8,8.9,9.2,8.91041666666667,0.0978496878048607,0.199999999999999,96,0.34,0.35,0.39,0.355,0.011697953037312,0.01,96,0.33,0.34,0.37,0.33625,0.00684412925529303,0.01,96,7.8,7.9,8,7.86458333333333,0.056156110726526,0.100000000000001,96,1,1,3,1.29166666666667,0.541278538407307,0.25,96,0,96,0
"heephwq",2022-10-14,96,20.5,21,21.2,20.8854166666667,0.216663292821235,0.400000000000002,96,0.14,0.15,0.15,0.1478125,0.0041556872887773,0,96,0.1,0.1,0.1,0.1,0,0,96,99.1,99.65,103.1,100.464583333333,1.31980693697116,2.02500000000001,96,8.8,8.9,9.2,8.97916666666667,0.114171308651947,0.199999999999999,96,0.36,0.37,0.4,0.373854166666667,0.0147519698357571,0.02,96,0.32,0.33,0.35,0.332291666666667,0.00672452959288707,0,96,7.8,7.9,8,7.90625,0.0576970308457988,0,96,1,1,5,1.40625,0.689441039805741,1,96,0,96,0
"heephwq",2022-10-15,96,20.8,20.9,21.6,21.0041666666667,0.240138848724372,0.324999999999999,96,0.15,0.15,0.15,0.15,0,0,96,0.1,0.1,0.1,0.1,0,0,96,99,99.8,103.7,100.711458333333,1.40479403185301,2.42500000000001,96,8.9,8.9,9.2,8.97291666666667,0.098919602300546,0.199999999999999,96,0.36,0.38,0.4,0.381979166666667,0.00969207942129923,0.0125,96,0.33,0.34,0.35,0.336979166666667,0.00564190928240407,0.01,96,7.8,7.9,8,7.90833333333333,0.0690791562235774,0.0999999999999996,96,1,1,5,1.16666666666667,0.516397779494322,0,96,0,96,0
"heephwq",2022-10-16,96,20.6,20.9,21.4,20.8958333333333,0.18689522348472,0.300000000000001,96,0.15,0.15,0.15,0.15,0,0,96,0.1,0.1,0.1,0.1,0,0,96,99.1,99.7,103.6,100.613541666667,1.41351519952855,2.40000000000002,96,8.9,8.9,9.2,8.98333333333333,0.113940581621961,0.199999999999999,96,0.36,0.37,0.4,0.37625,0.00965183374995872,0.01,96,0.32,0.34,0.36,0.337083333333333,0.00806769603407599,0.01,96,7.9,7.9,8,7.92604166666667,0.0441165720543261,0.0999999999999996,96,1,1,3,1.11458333333333,0.432125509707945,0,96,0,96,0
"heephwq",2022-10-17,96,20.5,20.8,21.6,20.8708333333333,0.32278937785519,0.5,96,0.15,0.15,0.15,0.15,0,0,96,0.1,0.1,0.1,0.1,0,0,96,99.3,99.6,103.4,100.496875,1.3945346799862,2.3,96,8.8,8.9,9.2,8.97916666666667,0.106540495554425,0.199999999999999,96,0.34,0.36,0.42,0.365625,0.0162099709405889,0.02,96,0.32,0.33,0.4,0.333333333333333,0.016135392068152,0.02,96,7.9,7.9,8,7.921875,0.0415568728877729,0,96,1,1,2,1.04166666666667,0.200875277704805,0,96,0,96,0
"heephwq",2022-10-18,96,20.2,20.6,21.1,20.6354166666667,0.275290914705332,0.5,96,0.15,0.15,0.15,0.15,0,0,96,0.1,0.1,0.1,0.1,0,0,96,98.9,99.5,103,100.302083333333,1.27864888943609,1.875,96,8.9,9,9.2,9.0125,0.099736494930655,0.199999999999999,96,0.32,0.35,0.4,0.3465625,0.0128823114140445,0.00999999999999995,96,0.32,0.32,0.39,0.325416666666667,0.01160006049591,0.01,96,7.9,7.9,8,7.91875,0.0392361272835446,0,96,1,1,3,1.0625,0.283307532364985,0,96,0,96,0
"heephwq",2022-10-19,96,20.1,20.75,21.3,20.6302083333333,0.36161037236715,0.599999999999998,96,0.09,0.15,0.15,0.136770833333333,0.0209508091373286,0.0325,96,0,0.1,0.1,0.0927083333333333,0.0261364503153684,0,96,98.1,100.3,103.5,100.7625,1.41147552507818,2.825,96,8.9,9,9.2,9.05520833333333,0.0938865963940331,0.0999999999999996,96,0.31,0.34,0.56,0.383333333333333,0.0852447456836295,0.115,96,0.32,0.32,0.53,0.371458333333333,0.0789534062018682,0.1225,96,7.7,7.9,8,7.86770833333333,0.0945847341267319,0.100000000000001,96,1,1,73,10.6458333333333,17.1764705440576,14.5,96,0,96,0
"heephwq",2022-10-20,96,20.9,21,21.3,21.0520833333333,0.157599870870016,0.300000000000001,96,0.12,0.16,0.16,0.152916666666667,0.0108498524527117,0.01,96,0.1,0.1,0.1,0.1,0,0,96,99.5,100.5,102.6,100.778125,0.914929174710722,1.59999999999999,96,8.8,9,9.1,8.984375,0.0758504414864157,0.0999999999999996,96,0.37,0.405,0.52,0.41,0.0356001182730146,0.04,96,0.36,0.4,0.5,0.405416666666667,0.0320169911031353,0.04,96,7.8,7.9,8,7.9,0.0615587011251093,0,96,1,2,12,2.71875,2.3065267805672,2,96,0,96,0
"heephwq",2022-10-21,96,20.7,21,21.4,21.00625,0.234773126768444,0.399999999999999,96,0.16,0.16,0.16,0.16,0,0,96,0.1,0.1,0.1,0.1,0,0,96,99.4,100,102.7,100.501041666667,1.00749766009044,1.55,96,8.9,8.9,9.2,8.95625,0.0765196913081508,0.0999999999999996,96,0.36,0.37,0.39,0.373854166666667,0.0106987251249037,0.0125000000000001,96,0.34,0.35,0.37,0.351354166666667,0.00865962095519885,0.0125,96,7.8,7.9,8,7.88020833333333,0.0515441388095102,0.0249999999999995,96,1,1,2,1.04166666666667,0.200875277704805,0,96,0,96,0
"heephwq",2022-10-22,96,21,21.1,21.6,21.1645833333333,0.1919315484704,0.300000000000001,96,0.15,0.15,0.16,0.151458333333333,0.00354791760026154,0,96,0.1,0.1,0.1,0.1,0,0,96,99.3,99.8,103.6,100.609375,1.31686055090367,1.75000000000001,96,8.8,8.9,9.2,8.946875,0.0917125084736333,0.0999999999999996,96,0.36,0.38,0.39,0.3790625,0.00883511236636614,0.005,96,0.33,0.34,0.35,0.342291666666667,0.00570856543259735,0.00999999999999995,96,7.7,7.9,8,7.89583333333333,0.0793614869696574,0.2,96,1,1,4,1.27083333333333,0.606615575253678,0,96,0,96,0
"heephwq",2022-10-23,96,20.9,21,21.4,21.053125,0.157582476316707,0.300000000000001,96,0.15,0.15,0.15,0.15,0,0,96,0.1,0.1,0.1,0.1,0,0,96,99.3,99.9,103.5,100.648958333333,1.29297655709335,1.8,96,8.8,8.9,9.2,8.96145833333333,0.10091141677277,0.0999999999999996,96,0.35,0.37,0.39,0.37,0.00962453006371576,0.02,96,0.33,0.34,0.35,0.336979166666667,0.00483839722628251,0.01,96,7.9,7.9,8,7.928125,0.0451969374835809,0.0999999999999996,96,1,1,6,1.14583333333333,0.615230665628612,0,96,0,96,0
"heephwq",2022-10-24,96,20.8,21,21.4,21.0395833333333,0.170743986049084,0.300000000000001,96,0.15,0.15,0.15,0.15,0,0,96,0.1,0.1,0.1,0.1,0,0,96,99.6,100,103.4,100.757291666667,1.21549165202413,1.92500000000001,96,8.9,8.9,9.2,8.971875,0.10125852790597,0.199999999999999,96,0.36,0.37,0.39,0.375,0.00962453006371576,0.01,96,0.33,0.33,0.34,0.334895833333333,0.00502515601573286,0.01,96,7.9,7.9,8,7.93229166666667,0.0470045723793057,0.0999999999999996,96,1,1,2,1.01041666666667,0.102062072615966,0,96,0,96,0
"heephwq",2022-10-25,96,20.9,21.1,21.4,21.1166666666667,0.18899549795065,0.400000000000002,96,0.15,0.15,0.15,0.15,0,0,96,0.1,0.1,0.1,0.1,0,0,96,99.7,100.1,104.1,101.040625,1.42264232476421,2.27499999999998,96,8.9,8.9,9.2,8.98541666666667,0.115146740856285,0.199999999999999,96,0.38,0.39,0.41,0.3909375,0.00984919179158211,0.02,96,0.33,0.33,0.34,0.331875,0.00392361272835448,0,96,7.9,7.9,8.1,7.934375,0.0499012182110552,0.0999999999999996,96,1,1,3,1.04166666666667,0.247797313891676,0,96,0,96,0
"heephwq",2022-10-26,96,21,21.1,21.5,21.1270833333333,0.149721964543171,0.199999999999999,96,0.15,0.15,0.15,0.15,0,0,96,0.1,0.1,0.1,0.1,0,0,96,99.6,100.2,103.8,100.908333333333,1.22377041763875,1.95000000000002,96,8.9,8.9,9.2,8.975,0.0994722918309676,0.199999999999999,96,0.38,0.39,0.41,0.394895833333333,0.0111444856948855,0.02,96,0.33,0.34,0.35,0.3371875,0.00592996405420897,0.01,96,7.9,7.9,8,7.92291666666667,0.0422502984521794,0,96,1,1,6,1.20833333333333,0.614160388218046,0,96,0,96,0
"heephwq",2022-10-27,96,20.8,20.9,21.2,20.9604166666667,0.142518081339779,0.300000000000001,96,0.15,0.15,0.15,0.15,0,0,96,0.1,0.1,0.1,0.1,0,0,96,99.6,99.95,102.9,100.696875,1.15005291640268,2.3,96,8.9,8.9,9.1,8.975,0.0917662935482244,0.199999999999999,96,0.34,0.36,0.39,0.360520833333333,0.0105998800059411,0.02,96,0.33,0.34,0.37,0.335833333333333,0.00609860495983634,0.01,96,7.9,7.9,8,7.93229166666667,0.0470045723793057,0.0999999999999996,96,1,1,1,1,0,0,96,0,96,0
"heephwq",2022-10-28,96,20.7,20.9,21.3,20.9166666666667,0.160700222163844,0.199999999999999,96,0.15,0.15,0.15,0.15,0,0,96,0.1,0.1,0.1,0.1,0,0,96,99.5,99.8,103.4,100.660416666667,1.33333607455859,2.22500000000001,96,8.9,8.9,9.2,8.98333333333333,0.115773523622328,0.199999999999999,96,0.34,0.35,0.37,0.3515625,0.0095507646428523,0.02,96,0.33,0.33,0.34,0.334166666666667,0.00495594627783353,0.01,96,7.9,7.9,8,7.93020833333333,0.0461571495668909,0.0999999999999996,96,1,1,2,1.01041666666667,0.102062072615966,0,96,0,96,0
"heephwq",2022-10-29,96,20.7,20.9,21.4,20.9666666666667,0.214557888970082,0.300000000000001,96,0.15,0.15,0.15,0.15,0,0,96,0.1,0.1,0.1,0.1,0,0,96,99.6,99.95,103.5,100.727083333333,1.26744493634503,1.92499999999998,96,8.9,8.9,9.2,8.97916666666667,0.106540495554425,0.199999999999999,96,0.35,0.365,0.38,0.367395833333333,0.0102848679511178,0.02,96,0.32,0.33,0.34,0.332083333333333,0.00433265851695716,0,96,7.9,7.9,8,7.928125,0.0451969374835809,0.0999999999999996,96,1,1,3,1.11458333333333,0.407037866250062,0,96,0,96,0
"heephwq",2022-10-30,96,20.7,21,21.3,20.959375,0.190610169828646,0.300000000000001,96,0.14,0.15,0.15,0.148020833333333,0.0040052049468993,0,96,0.1,0.1,0.1,0.1,0,0,96,99.5,100,103.7,100.7625,1.21085007112228,1.82499999999999,96,8.9,8.9,9.2,8.98229166666667,0.108574293426125,0.199999999999999,96,0.36,0.38,0.41,0.379375,0.0114994279033899,0.02,96,0.33,0.34,0.36,0.336458333333333,0.00739547040127538,0.01,96,7.9,7.9,8,7.91770833333333,0.0383743106687043,0,96,1,1,6,1.6875,1.2757866510304,1,96,0,96,0
"heephwq",2022-10-31,96,20.8,21,21.4,21.0322916666667,0.192214130411436,0.300000000000001,96,0.15,0.15,0.15,0.15,0,0,96,0.1,0.1,0.1,0.1,0,0,96,99.2,100,103.5,100.759375,1.30356419299671,2.12500000000001,96,8.8,8.9,9.2,8.97083333333333,0.104545801261473,0.125,96,0.35,0.37,0.38,0.3703125,0.00934182727533031,0.02,96,0.33,0.33,0.34,0.332395833333333,0.00429069781262888,0,96,7.8,7.9,8,7.928125,0.0496368390358781,0.0999999999999996,96,1,1,2,1.04166666666667,0.200875277704805,0,96,0,96,0
"heephwq",2022-11-01,96,20.8,20.9,21.2,20.9583333333333,0.131922358877977,0.200000000000003,96,0.15,0.15,0.15,0.15,0,0,96,0.1,0.1,0.1,0.1,0,0,96,99.7,100,103.3,100.794791666667,1.15315309538825,2,96,8.9,8.9,9.2,8.98125,0.102917954036979,0.199999999999999,58,0.35,0.37,0.38,0.368965517241379,0.00640439957672022,0,58,0.33,0.33,0.34,0.333448275862069,0.00479463301485385,0.01,96,7.9,7.9,8,7.92916666666667,0.0456915670364412,0.0999999999999996,96,1,1,4,1.11458333333333,0.432125509707945,0,96,0,96,0
"heephwq",2022-11-02,96,20.7,20.9,21.2,20.9177083333333,0.162218041482617,0.199999999999999,96,0.15,0.15,0.15,0.15,0,0,96,0.1,0.1,0.1,0.1,0,0,96,99.5,100.2,103.6,100.994791666667,1.35112972548446,2.42499999999998,96,8.9,9,9.2,9.00625,0.116810688047392,0.199999999999999,73,0.37,0.38,0.4,0.382465753424658,0.0105120066164849,0.02,73,0.32,0.33,0.34,0.330547945205479,0.00328735411966326,0,96,7.8,7.9,8,7.92083333333333,0.0521468910445678,0.0999999999999996,96,1,1,2,1.07291666666667,0.261364503153684,0,96,0,96,0
"heephwq",2022-11-03,96,20.8,21,21.3,20.9885416666667,0.14280630361044,0.200000000000003,96,0.15,0.15,0.15,0.15,0,0,96,0.1,0.1,0.1,0.1,0,0,96,99.8,100.2,103.9,100.99375,1.22180302486896,1.80000000000001,96,8.9,9,9.2,8.99791666666667,0.103597568216396,0.199999999999999,96,0.38,0.39,0.41,0.393229166666667,0.00888461611487924,0.01,96,0.32,0.33,0.34,0.3296875,0.00306186217847898,0,96,7.8,7.9,8,7.91458333333333,0.0502188194262012,0,96,1,1,8,1.17708333333333,0.906059039166952,0,96,0,96,0
"heephwq",2022-11-04,96,20.8,21.1,21.3,21.0635416666667,0.133076781688473,0.300000000000001,96,0.15,0.15,0.15,0.15,0,0,96,0.1,0.1,0.1,0.1,0,0,96,99.5,100.2,103.7,100.982291666667,1.30093041940772,2.25,96,8.8,8.9,9.2,8.98854166666667,0.120411392769836,0.199999999999999,96,0.37,0.39,0.41,0.390104166666667,0.00999945173935648,0.02,96,0.32,0.33,0.34,0.331770833333333,0.00410257728152405,0,96,7.8,7.9,8,7.89895833333333,0.0656863226437296,0,96,1,1,3,1.09375,0.357715705995403,0,96,0,96,0
"heephwq",2022-11-05,96,21,21.1,21.4,21.1208333333333,0.121323115050736,0.199999999999999,96,0.15,0.15,0.15,0.15,0,0,96,0.1,0.1,0.1,0.1,0,0,96,99.6,100.1,104.1,101.095833333333,1.50360385787065,2.52500000000001,96,8.9,8.9,9.2,8.99166666666667,0.122832077643609,0.199999999999999,92,0.37,0.39,0.4,0.385978260869565,0.00826215822171483,0.01,92,0.32,0.33,0.35,0.329239130434783,0.00370140919175087,0,96,7.8,7.9,8,7.909375,0.0616921474146555,0,96,1,1,6,1.11458333333333,0.578014599463528,0,96,0,96,0
"heephwq",2022-11-06,96,20.7,20.9,21.2,20.9447916666667,0.15550920884336,0.300000000000001,96,0.15,0.15,0.15,0.15,0,0,96,0.1,0.1,0.1,0.1,0,0,96,99.7,100.1,104,101.025,1.46006488680613,2.42500000000001,96,8.9,8.9,9.2,9.00416666666667,0.128895442462948,0.225,96,0.36,0.37,0.39,0.374166666666667,0.00902238930505274,0.01,96,0.32,0.33,0.33,0.328645833333333,0.0034396424742809,0,96,7.8,7.9,8,7.88958333333333,0.0760597641286,0.100000000000001,96,1,1,1,1,0,0,96,0,96,0
"heephwq",2022-11-07,96,20.8,20.9,21.2,20.9510416666667,0.132977870471322,0.300000000000001,96,0.15,0.15,0.15,0.15,0,0,96,0.1,0.1,0.1,0.1,0,0,96,99.7,100.2,103.9,101.136458333333,1.44485437559176,2.59999999999999,96,8.9,9,9.2,9.01666666666667,0.120233690581621,0.199999999999999,96,0.37,0.38,0.4,0.383125,0.0116359244085765,0.02,96,0.32,0.33,0.33,0.327916666666667,0.00408248290463863,0,96,7.8,7.9,8,7.90104166666667,0.0746850110610757,0.2,96,1,1,1,1,0,0,96,0,96,0
"heephwq",2022-11-08,96,20.7,20.9,21.4,20.9291666666667,0.169777976791776,0.199999999999999,96,0.15,0.15,0.15,0.15,0,0,96,0.1,0.1,0.1,0.1,0,0,96,100,104.4,109.6,104.03125,3.27897007257494,6.62500000000001,96,8.9,9.3,9.7,9.29166666666667,0.258606250857275,0.5,96,0.38,0.39,0.41,0.391458333333333,0.00845784178850008,0.01,96,0.32,0.32,0.33,0.3246875,0.00501642040544954,0.01,96,7.8,7.9,8,7.865625,0.0539553909310862,0.100000000000001,96,1,1,2,1.03125,0.174905989786393,0,96,0,96,0
"heephwq",2022-11-09,96,20.5,20.65,21,20.684375,0.137900135490945,0.199999999999999,96,0.15,0.15,0.15,0.15,0,0,96,0.1,0.1,0.1,0.1,0,0,96,104,104.5,108.3,105.441666666667,1.45324802582402,2.14999999999999,96,9.4,9.4,9.7,9.47291666666667,0.109042885495537,0.199999999999999,96,0.38,0.39,0.41,0.390104166666667,0.00923321141220411,0.02,96,0.32,0.32,0.33,0.322916666666667,0.00456915670364414,0.01,96,7.8,7.8,7.9,7.82916666666667,0.0456915670364416,0.100000000000001,96,1,1,1,1,0,0,96,0,96,0
"heephwq",2022-11-10,96,20.3,20.5,20.9,20.553125,0.182931177740356,0.300000000000001,96,0.15,0.15,0.15,0.15,0,0,96,0.1,0.1,0.1,0.1,0,0,96,104.1,104.5,108.6,105.528125,1.54481837631143,2.25,96,9.4,9.4,9.8,9.49375,0.124657425307161,0.199999999999999,96,0.37,0.38,0.41,0.3834375,0.00982243672201022,0.01,96,0.32,0.32,0.33,0.321458333333333,0.00354791760026154,0,96,7.8,7.8,7.9,7.83125,0.0465945558148049,0.100000000000001,96,0,1,1,0.979166666666667,0.143575886163796,0,96,0,96,0
"heephwq",2022-11-11,96,20.1,20.3,20.7,20.334375,0.144970505167158,0.199999999999999,96,0.15,0.15,0.15,0.15,0,0,96,0.1,0.1,0.1,0.1,0,0,96,103.9,104.4,108.1,105.28125,1.44144025197023,2.25000000000001,96,9.4,9.4,9.7,9.50416666666667,0.123898656945838,0.199999999999999,96,0.35,0.36,0.38,0.364791666666667,0.0103597568216396,0.01,96,0.31,0.32,0.33,0.320625,0.00349811979572787,0,96,7.8,7.8,7.9,7.834375,0.0477452119396062,0.100000000000001,96,1,1,2,1.04166666666667,0.200875277704805,0,96,0,96,0
"heephwq",2022-11-12,96,20,20.4,20.6,20.278125,0.20427181323964,0.299999999999997,96,0.14,0.15,0.15,0.1490625,0.00293010687787825,0,96,0.1,0.1,0.1,0.1,0,0,96,103.7,104.2,107.9,105.134375,1.44038212217964,2.5,96,9.4,9.5,9.7,9.51875,0.112682600347403,0.199999999999999,96,0.32,0.35,0.36,0.346979166666667,0.0107722637670392,0.02,96,0.31,0.32,0.33,0.3209375,0.00357715705995403,0,96,7.8,7.8,7.9,7.83541666666667,0.0480770580295005,0.100000000000001,96,0,1,2,0.989583333333333,0.229176634551957,0,96,0,96,0
"heephwq",2022-11-13,96,20.3,20.5,20.9,20.5291666666667,0.181175498905091,0.399999999999999,96,0.15,0.15,0.15,0.15,0,0,96,0.1,0.1,0.1,0.1,0,0,96,103.7,104.3,108.5,105.182291666667,1.44957306176802,2.65000000000001,96,9.3,9.4,9.7,9.465625,0.108412589092246,0.199999999999999,96,0.34,0.35,0.37,0.354270833333333,0.011584453435683,0.03,96,0.31,0.32,0.33,0.320416666666667,0.0035293257643461,0,96,7.8,7.8,8,7.834375,0.0499012182110556,0.100000000000001,96,0,1,4,1.05208333333333,0.489248439024305,0,96,0,96,0
"heephwq",2022-11-14,96,20.4,20.5,20.8,20.5395833333333,0.112838185648082,0.100000000000001,96,0.15,0.15,0.15,0.15,0,0,96,0.1,0.1,0.1,0.1,0,0,96,103.7,104.3,107.7,105.2375,1.32801791363948,2.59999999999999,96,9.3,9.4,9.7,9.47291666666667,0.0978496878048607,0.199999999999999,96,0.35,0.36,0.37,0.3625,0.00781361834100869,0.01,96,0.31,0.32,0.33,0.32,0.00251312344975018,0,96,7.8,7.8,7.9,7.83541666666667,0.0480770580295005,0.100000000000001,96,1,1,4,1.0625,0.349811979572786,0,96,0,96,0
"heephwq",2022-11-15,96,19.9,20.4,20.7,20.3645833333333,0.196270043115503,0.199999999999999,96,0.15,0.15,0.15,0.15,0,0,96,0.1,0.1,0.1,0.1,0,0,96,103.9,104.4,108,105.223958333333,1.33351492732684,2.325,96,9.4,9.5,9.7,9.496875,0.109979064993489,0.199999999999999,96,0.34,0.36,0.37,0.356666666666667,0.00947758204414548,0.01,96,0.31,0.32,0.33,0.319583333333333,0.00321727791665291,0,96,7.8,7.8,7.9,7.83333333333333,0.0473879102207276,0.100000000000001,96,0,1,4,1.11458333333333,0.478369856176417,0,96,0,96,0
"heephwq",2022-11-16,96,19.8,20.1,20.5,20.10625,0.270209470401643,0.599999999999998,96,0.15,0.15,0.15,0.15,0,0,96,0.1,0.1,0.1,0.1,0,0,96,104.2,104.6,107.7,105.282291666667,1.19903424222792,1.89999999999999,96,9.4,9.5,9.7,9.55208333333333,0.0951222666573659,0.0999999999999996,96,0.34,0.36,0.38,0.3625,0.0121395395733377,0.02,96,0.31,0.32,0.33,0.320208333333333,0.00354791760026154,0,96,7.8,7.8,7.9,7.828125,0.0451969374835813,0.100000000000001,96,0,1,3,1.0625,0.318301412930707,0,96,0,96,0
"heephwq",2022-11-17,96,20.1,20.5,20.8,20.4489583333333,0.228032680791092,0.400000000000002,96,0.15,0.15,0.15,0.15,0,0,96,0.1,0.1,0.1,0.1,0,0,96,104.2,104.6,108.3,105.466666666667,1.27573852020303,2.3,96,9.4,9.5,9.7,9.5125,0.0954215025971331,0.199999999999999,96,0.35,0.37,0.39,0.3675,0.0103618734335366,0.0125,96,0.31,0.32,0.33,0.321145833333333,0.00407037866250063,0,96,7.7,7.8,7.9,7.80729166666667,0.0636516699523218,0,96,0,1,5,1.15625,0.670084440869012,0,96,0,96,0
"heephwq",2022-11-18,96,20.3,20.6,21,20.6041666666667,0.234819826414196,0.400000000000002,96,0.12,0.15,0.15,0.144375,0.00992736780717564,0.00999999999999998,96,0.1,0.1,0.1,0.1,0,0,96,104.2,104.8,108.2,105.454166666667,1.20768736514457,1.90000000000001,96,9.3,9.4,9.7,9.46145833333333,0.118205700874781,0.199999999999999,96,0.35,0.37,0.51,0.3815625,0.0284818732751755,0.0225000000000001,96,0.31,0.32,0.45,0.328854166666667,0.0219026454382338,0.01,96,7.7,7.8,7.9,7.78854166666667,0.0723584522639553,0.0999999999999996,96,1,1,62,7.04166666666667,14.6077965243991,1.25,96,0,96,0
"heephwq",2022-11-19,96,20.6,20.8,21,20.7927083333333,0.108816399370361,0.199999999999999,96,0.14,0.15,0.15,0.1471875,0.0045196937483581,0.00999999999999998,96,0.1,0.1,0.1,0.1,0,0,96,104.2,104.8,108.2,105.408333333333,1.088955720589,1.7,96,9.3,9.4,9.7,9.44375,0.0831137457755458,0.0999999999999996,53,0.38,0.39,0.4,0.386415094339623,0.00623092153409156,0.01,53,0.32,0.33,0.34,0.328679245283019,0.00520271225459028,0,96,7.8,7.8,8,7.83541666666667,0.0502188194262014,0.100000000000001,96,1,2,10,2.22916666666667,1.31772664417622,0,96,0,96,0
"heephwq",2022-11-20,96,20.6,20.7,20.9,20.6989583333333,0.104120165059078,0.199999999999999,96,0.15,0.15,0.15,0.15,0,0,96,0.1,0.1,0.1,0.1,0,0,96,104.4,104.8,108,105.647916666667,1.2348431962392,2.09999999999999,96,9.4,9.4,9.7,9.471875,0.0991576363277443,0.199999999999999,0,NA,NA,NA,NA,NA,NA,0,NA,NA,NA,NA,NA,NA,96,7.8,7.8,7.9,7.83854166666667,0.0489248439024308,0.100000000000001,96,1,1,32,1.47916666666667,3.17217895116994,0,96,0,96,0
"heephwq",2022-11-21,96,20.4,20.5,20.7,20.5072916666667,0.0699545591857836,0,96,0.15,0.15,0.15,0.15,0,0,96,0.1,0.1,0.1,0.1,0,0,96,104.5,105,107.9,105.634375,1.12491666358002,2.12500000000001,96,9.4,9.5,9.7,9.50625,0.105443923734995,0.199999999999999,75,0.38,0.4,0.41,0.394133333333333,0.0107920558036209,0.02,75,0.31,0.32,0.33,0.3204,0.00304914697863145,0,96,7.8,7.8,7.9,7.83958333333333,0.049159604012509,0.100000000000001,96,1,1,2,1.01041666666667,0.102062072615966,0,96,0,96,0
"heephwq",2022-11-22,96,20.3,20.4,20.7,20.4572916666667,0.111208473424482,0.200000000000003,96,0.15,0.15,0.15,0.15,0,0,96,0.1,0.1,0.1,0.1,0,0,96,104.7,105,108.3,105.826041666667,1.24047909180001,2.125,96,9.4,9.5,9.7,9.54479166666667,0.0831862737496447,0.0999999999999996,96,0.37,0.39,0.4,0.389479166666667,0.00825511537318295,0.02,96,0.31,0.32,0.33,0.32,0.00324442842261525,0,96,7.8,7.8,8,7.84270833333333,0.0575733704281429,0.100000000000001,96,1,1,2,1.01041666666667,0.102062072615966,0,96,0,96,0
"heephwq",2022-11-23,96,20,20.3,20.8,20.346875,0.186351747199243,0.300000000000001,96,0.15,0.15,0.15,0.15,0,0,96,0.1,0.1,0.1,0.1,0,0,96,104.4,104.9,108.4,105.539583333333,1.20441985743446,1.87500000000001,96,9.4,9.5,9.7,9.53541666666667,0.0917423929634856,0.0999999999999996,96,0.35,0.37,0.39,0.370729166666667,0.0110734192567196,0.02,96,0.31,0.32,0.33,0.319270833333333,0.00362586952668755,0,96,7.8,7.8,8,7.83541666666667,0.052272900630737,0.100000000000001,96,1,1,8,1.21875,0.823383583948447,0,96,0,96,0
"heephwq",2022-11-24,96,19.6,19.9,20,19.875,0.144367950955736,0.199999999999999,96,0.15,0.15,0.15,0.15,0,0,96,0.1,0.1,0.1,0.1,0,0,96,104.2,104.7,107.4,105.369791666667,1.04982402451846,1.82499999999999,96,9.5,9.6,9.8,9.60625,0.0938223405109218,0.199999999999999,96,0.36,0.37,0.39,0.371458333333333,0.0100503120314657,0.02,96,0.31,0.32,0.33,0.318958333333333,0.00422502984521796,0,96,7.8,7.8,7.9,7.83229166666667,0.0470045723793061,0.100000000000001,96,1,1,3,1.0625,0.283307532364985,0,96,0,96,0
"heephwq",2022-11-25,96,19.3,19.6,19.9,19.5802083333333,0.178071417764226,0.300000000000001,96,0.15,0.15,0.15,0.15,0,0,96,0.1,0.1,0.1,0.1,0,0,96,104.3,104.6,107.8,105.403125,1.1672237078686,1.8,96,9.6,9.6,9.9,9.66770833333333,0.0911849383530867,0.200000000000001,96,0.35,0.36,0.38,0.3615625,0.00932773171501885,0.02,96,0.31,0.32,0.32,0.31625,0.00486664263392288,0.01,96,7.8,7.8,8,7.8375,0.0507833375077011,0.100000000000001,96,1,1,1,1,0,0,96,0,96,0
"heephwq",2022-11-26,96,19.5,19.8,20.1,19.7760416666667,0.191253368276726,0.299999999999997,96,0.15,0.15,0.15,0.15,0,0,96,0.1,0.1,0.1,0.1,0,0,96,104.1,104.5,108.2,105.492708333333,1.40848890970853,2.52500000000001,96,9.5,9.6,9.9,9.640625,0.116599291322212,0.225000000000001,96,0.32,0.35,0.36,0.3446875,0.0137613589445229,0.0224999999999999,96,0.31,0.32,0.33,0.318020833333333,0.00425992134018475,0,96,7.8,7.8,8,7.84270833333333,0.0557150488348228,0.100000000000001,96,1,1,5,1.09375,0.482932380577785,0,96,0,96,0
"heephwq",2022-11-27,96,19.4,19.85,20.2,19.8239583333333,0.302183210953978,0.600000000000001,96,0.15,0.15,0.15,0.15,0,0,96,0.1,0.1,0.1,0.1,0,0,96,104.2,104.45,108.5,105.425,1.49349466547071,2.3,96,9.5,9.6,9.9,9.63229166666667,0.125232240397941,0.199999999999999,96,0.32,0.34,0.36,0.3434375,0.00892402139703489,0.00999999999999995,96,0.31,0.32,0.32,0.318333333333333,0.00374634324632678,0,96,7.7,7.8,7.9,7.81875,0.041833001326704,0,96,1,1,2,1.0625,0.243332131696144,0,96,0,96,0
"heephwq",2022-11-28,96,20,20.1,20.3,20.1,0.112390297389803,0.199999999999999,96,0.15,0.15,0.15,0.15,0,0,96,0.1,0.1,0.1,0.1,0,0,96,103.7,104.6,108.2,105.3125,1.35772642775766,1.72500000000001,96,9.4,9.5,9.8,9.56875,0.103935708873069,0.0999999999999996,96,0.33,0.34,0.36,0.346145833333333,0.0103993716071963,0.02,96,0.31,0.32,0.32,0.318125,0.00392361272835448,0,96,7.7,7.8,7.9,7.79479166666667,0.055001993584284,0,96,1,1,1,1,0,0,96,0,96,0
"heephwq",2022-11-29,96,20,20.35,20.6,20.2625,0.234071514038361,0.5,96,0.15,0.15,0.15,0.15,0,0,96,0.1,0.1,0.1,0.1,0,0,96,104,104.5,108.4,105.289583333333,1.36678486865819,1.84999999999999,96,9.4,9.5,9.8,9.53125,0.116359244085764,0.199999999999999,96,0.32,0.335,0.35,0.3334375,0.00868490826543075,0.01,96,0.31,0.32,0.32,0.3153125,0.00501642040544954,0.01,96,7.7,7.8,7.9,7.784375,0.0603988933324897,0.0999999999999996,96,1,1,2,1.03125,0.174905989786393,0,96,0,96,0
"heephwq",2022-11-30,96,20.2,20.45,20.9,20.4729166666667,0.211500487328873,0.324999999999999,96,0.15,0.15,0.15,0.15,0,0,96,0.1,0.1,0.1,0.1,0,0,96,103.7,104.5,108.6,105.240625,1.40604545295999,1.45,96,9.3,9.4,9.7,9.478125,0.117162168314736,0.199999999999999,96,0.31,0.33,0.34,0.329791666666667,0.0100503120314657,0.02,96,0.31,0.31,0.32,0.314791666666667,0.00502188194262012,0.01,96,7.7,7.8,7.9,7.796875,0.0687529903655873,0.0250000000000004,96,1,1,2,1.02083333333333,0.143575886163796,0,96,0,96,0
"heephwq",2022-12-01,96,20.1,20.4,20.7,20.3979166666667,0.147240702801242,0.199999999999999,96,0.14,0.15,0.15,0.148541666666667,0.00354791760026153,0,96,0.1,0.1,0.1,0.1,0,0,96,104.1,104.5,108.3,105.445833333333,1.4678962150798,2.8,96,9.4,9.5,9.7,9.50833333333333,0.123686076880282,0.199999999999999,96,0.31,0.33,0.34,0.329895833333333,0.00989362279096109,0.02,96,0.31,0.32,0.33,0.316979166666667,0.00483839722628251,0.01,96,7.7,7.8,7.9,7.83020833333333,0.0545214427477691,0.100000000000001,96,1,1,3,1.04166666666667,0.247797313891676,0,96,0,96,0
"heephwq",2022-12-02,96,19.8,20.25,20.5,20.1666666666667,0.276316624894309,0.5,96,0.14,0.15,0.15,0.1475,0.00435285750066006,0.0025,96,0.1,0.1,0.1,0.1,0,0,96,104,104.4,109,105.539583333333,1.64799585887744,2.90000000000001,96,9.4,9.5,9.8,9.5625,0.145276505870339,0.299999999999999,96,0.31,0.33,0.35,0.330104166666667,0.0121823679028052,0.02,96,0.31,0.32,0.33,0.315625,0.00519361956736594,0.01,96,7.7,7.8,8,7.81875,0.05091272201678,0,96,1,1,1,1,0,0,96,0,96,0
"heephwq",2022-12-03,96,20.3,20.4,20.6,20.4177083333333,0.113318174940871,0.199999999999999,96,0.15,0.15,0.15,0.15,0,0,96,0.1,0.1,0.1,0.1,0,0,96,104.1,104.6,108.5,105.458333333333,1.40372936862875,2.5,96,9.4,9.4,9.8,9.5,0.125656172487508,0.199999999999999,96,0.32,0.34,0.36,0.339375,0.0114075229102276,0.02,96,0.31,0.32,0.32,0.316979166666667,0.00461571495668911,0.01,96,7.7,7.8,8,7.81666666666667,0.0659611794389887,0.100000000000001,96,0,1,2,0.90625,0.357715705995403,0,96,0,96,0
"heephwq",2022-12-04,96,20.2,20.3,20.5,20.334375,0.110337401207674,0.199999999999999,96,0.14,0.15,0.15,0.148541666666667,0.00354791760026153,0,96,0.1,0.1,0.1,0.1,0,0,96,103.8,104.6,108.1,105.420833333333,1.34335923530816,2.42499999999998,96,9.4,9.5,9.8,9.53020833333333,0.119753950965844,0.199999999999999,96,0.32,0.34,0.36,0.338854166666667,0.00961027867131597,0.02,96,0.31,0.32,0.32,0.316770833333333,0.00470045723793059,0.01,96,7.7,7.8,7.9,7.81354166666667,0.0573443736820141,0,96,0,1,2,0.927083333333333,0.298938179374464,0,96,0,96,0
"heephwq",2022-12-05,96,20,20.3,20.4,20.2385416666667,0.132482206683461,0.125000000000004,96,0.15,0.15,0.15,0.15,0,0,96,0.1,0.1,0.1,0.1,0,0,96,103.8,104.4,108.3,105.220833333333,1.42407248977724,2.12499999999999,96,9.4,9.5,9.8,9.51666666666667,0.131122013621437,0.199999999999999,96,0.29,0.31,0.33,0.310520833333333,0.010796665339638,0.02,96,0.31,0.31,0.32,0.313020833333333,0.00461571495668911,0.01,96,7.7,7.8,7.9,7.82291666666667,0.0446722960579344,0,95,0,1,2,0.936842105263158,0.319924403164563,0,96,0,96,0
"heephwq",2022-12-06,96,20,20.3,20.5,20.2291666666667,0.19244502518719,0.399999999999999,96,0.15,0.15,0.15,0.15,0,0,96,0.1,0.1,0.1,0.1,0,0,96,104,104.8,107.5,105.302083333333,1.17401507805853,2.22500000000001,96,9.4,9.5,9.7,9.53854166666667,0.0977319553049013,0.0999999999999996,96,0.3,0.325,0.37,0.328958333333333,0.020182283354554,0.03,96,0.31,0.31,0.32,0.314791666666667,0.00502188194262012,0.01,96,7.7,7.8,7.9,7.78645833333333,0.0425992134018474,0,96,0,1,1,0.84375,0.364998197544216,0,96,0,96,0
"heephwq",2022-12-07,96,20.4,20.6,20.8,20.5895833333333,0.130971404405427,0.199999999999999,96,0.15,0.15,0.15,0.15,0,0,96,0.1,0.1,0.1,0.1,0,0,41,104.4,104.8,108.2,105.2,1.04019228991567,0.300000000000011,41,9.4,9.4,9.7,9.46341463414634,0.0993883734673615,0.0999999999999996,96,0.35,0.37,0.4,0.3696875,0.0152490293047408,0.02,96,0.31,0.32,0.32,0.315625,0.00498682474653277,0.01,96,7.8,7.9,8,7.89375,0.0831137457755462,0.2,96,1,1,1,1,0,0,41,0,41,0
"heephwq",2022-12-08,96,20.4,20.5,20.6,20.51875,0.0669838943721794,0.100000000000001,96,0.15,0.15,0.15,0.15,0,0,96,0.1,0.1,0.1,0.1,0,0,0,NA,NA,NA,NA,NA,NA,0,NA,NA,NA,NA,NA,NA,96,0.39,0.4,0.42,0.401666666666667,0.0103279555898864,0.02,96,0.31,0.32,0.32,0.31875,0.00332454983102185,0,96,7.9,7.9,8.1,7.93958333333333,0.0532702477772123,0.0999999999999996,96,0,1,1,0.96875,0.174905989786393,0,0,NA,0,NA
"heephwq",2022-12-09,96,20.1,20.3,20.5,20.2635416666667,0.12659075518475,0.299999999999997,96,0.15,0.15,0.15,0.15,0,0,96,0.1,0.1,0.1,0.1,0,0,0,NA,NA,NA,NA,NA,NA,0,NA,NA,NA,NA,NA,NA,96,0.38,0.4,0.42,0.396666666666667,0.0110183260421867,0.02,96,0.31,0.32,0.32,0.317083333333333,0.00456915670364414,0.01,96,7.8,7.9,8.1,7.94583333333333,0.0663589388999688,0.0999999999999996,96,0,1,1,0.927083333333333,0.261364503153684,0,0,NA,0,NA
"heephwq",2022-12-10,96,20,20.3,20.5,20.24375,0.132833492922926,0.125000000000004,96,0.15,0.15,0.15,0.15,0,0,96,0.1,0.1,0.1,0.1,0,0,0,NA,NA,NA,NA,NA,NA,0,NA,NA,NA,NA,NA,NA,96,0.35,0.38,0.39,0.374583333333333,0.0107523967136504,0.01,96,0.31,0.32,0.32,0.316979166666667,0.00461571495668911,0.01,96,7.9,7.9,8,7.93854166666667,0.0489248439024303,0.0999999999999996,96,0,1,3,0.989583333333333,0.422892089425004,0,0,NA,0,NA
"heephwq",2022-12-11,96,20.1,20.3,20.6,20.3510416666667,0.142898411958814,0.300000000000001,96,0.15,0.15,0.15,0.15,0,0,96,0.1,0.1,0.1,0.1,0,0,0,NA,NA,NA,NA,NA,NA,0,NA,NA,NA,NA,NA,NA,96,0.35,0.37,0.38,0.369270833333333,0.00885494707603035,0.02,96,0.31,0.32,0.32,0.317291666666667,0.00446722960579342,0.01,96,7.9,7.9,8.1,7.94895833333333,0.0680476484247642,0.0999999999999996,96,0,1,2,0.958333333333333,0.287151772327592,0,0,NA,0,NA
"heephwq",2022-12-12,96,20.2,20.3,20.4,20.3208333333333,0.0521468910445672,0.0999999999999979,96,0.15,0.15,0.15,0.15,0,0,96,0.1,0.1,0.1,0.1,0,0,0,NA,NA,NA,NA,NA,NA,0,NA,NA,NA,NA,NA,NA,56,0.34,0.37,0.38,0.364285714285714,0.0080582296402538,0.01,56,0.31,0.32,0.32,0.316607142857143,0.00477751769485738,0.01,96,7.9,7.9,8,7.92916666666667,0.0456915670364412,0.0999999999999996,96,1,1,2,1.04166666666667,0.200875277704805,0,0,NA,0,NA
"heephwq",2022-12-13,96,20.1,20.3,22.6,20.31875,0.282586735636857,0.299999999999997,96,0.05,0.15,0.15,0.148958333333333,0.0102062072615966,0,96,0,0.1,0.1,0.0989583333333333,0.0102062072615966,0,60,100.1,105.4,107.8,105.34,1.68756167495581,3.3,60,8.7,9.5,9.7,9.505,0.159899332738349,0.199999999999999,63,-0.2,0.41,0.41,0.396666666666667,0.0789855029573108,0,0,NA,NA,NA,NA,NA,NA,96,6.5,7.9,8,7.90416666666667,0.151425970564509,0,96,1,1,4,1.08333333333333,0.40175055540961,0,60,0,60,0
"heephwq",2022-12-14,96,20.1,20.3,20.5,20.315625,0.127591556394449,0.224999999999998,96,0.15,0.15,0.15,0.15,0,0,96,0.1,0.1,0.1,0.1,0,0,96,102.7,103.7,107.4,104.51875,1.47186330171907,2.42499999999998,96,9.3,9.4,9.7,9.45,0.124815653539213,0.125,96,0.41,0.41,0.41,0.41,0,0,0,NA,NA,NA,NA,NA,NA,96,7.8,7.9,8,7.89895833333333,0.0656863226437296,0,96,0,1,1,0.895833333333333,0.307080194109023,0,96,0,96,0
"heephwq",2022-12-15,96,19.7,20.1,20.4,20.0677083333333,0.241266304784903,0.400000000000002,96,0.15,0.15,0.15,0.15,0,0,96,0.1,0.1,0.1,0.1,0,0,96,103.1,103.55,107.1,104.207291666667,1.20369997937645,1.65000000000002,96,9.3,9.4,9.7,9.46458333333333,0.121377329598038,0.199999999999999,96,0.4,0.41,0.41,0.408333333333333,0.00374634324632676,0,0,NA,NA,NA,NA,NA,NA,96,7.8,7.9,8,7.89479166666667,0.0467238058711801,0,96,0,1,1,0.854166666666667,0.354791760026154,0,96,0,96,0
"heephwq",2022-12-16,96,19.7,20.1,20.4,20.0729166666667,0.218838641188418,0.400000000000002,96,0.14,0.15,0.15,0.148229166666667,0.00383743106687044,0,96,0.1,0.1,0.1,0.1,0,0,96,102.6,103.6,107.9,104.615625,1.64107334099556,2.92499999999998,96,9.4,9.4,9.8,9.50729166666667,0.141603443064493,0.199999999999999,96,0.4,0.41,0.43,0.410520833333333,0.00550019935842839,0,0,NA,NA,NA,NA,NA,NA,96,7.8,7.9,8,7.878125,0.0797405331784217,0.100000000000001,96,0,1,5,1.63541666666667,1.16184781743445,1,96,0,96,0
"heephwq",2022-12-17,96,19.7,20,20.3,20,0.196816772926657,0.399999999999999,96,0.15,0.15,0.15,0.15,0,0,96,0.1,0.1,0.1,0.1,0,0,96,103.1,103.6,107.7,104.49375,1.32798323546806,2,96,9.4,9.5,9.8,9.503125,0.116486389537011,0.199999999999999,96,0.4,0.405,0.41,0.405,0.00502624689950032,0.00999999999999995,0,NA,NA,NA,NA,NA,NA,96,7.8,7.9,8,7.865625,0.0612640961223148,0.100000000000001,96,0,1,2,0.96875,0.269624495217057,0,96,0,96,0
"heephwq",2022-12-18,96,19.9,20,20.2,19.996875,0.0813738933953384,0.100000000000001,96,0.08,0.15,0.15,0.142395833333333,0.0154745830088647,0.00999999999999998,96,0,0.1,0.1,0.0958333333333333,0.0200875277704805,0,96,102.6,103.5,106.6,103.76875,0.894581642886481,1.40000000000001,96,9.3,9.4,9.7,9.434375,0.0880527652813025,0.0999999999999996,96,0.41,0.42,0.65,0.430625,0.0468100866323308,0.01,0,NA,NA,NA,NA,NA,NA,96,7.5,7.9,8,7.83854166666667,0.10091141677277,0.100000000000001,96,0,1,737,23.625,94.7343376861954,3,96,0,96,0
"heephwq",2022-12-19,96,19.4,19.9,20.2,19.8260416666667,0.271930638085937,0.5,96,0.12,0.16,0.16,0.153229166666667,0.00989362279096108,0.01,96,0.1,0.1,0.1,0.1,0,0,96,101.7,103.1,104.4,103.161458333333,0.583703203541459,0.725000000000009,96,9.3,9.4,9.5,9.41770833333333,0.0870508522485158,0.199999999999999,96,0.44,0.45,0.54,0.455729166666667,0.0191253368276726,0.02,0,NA,NA,NA,NA,NA,NA,96,7.7,7.9,8,7.87604166666667,0.0660857364444365,0,96,1,2,40,4.67708333333333,7.01801410156923,2,96,0,96,0
"heephwq",2022-12-20,96,19.2,19.8,20.1,19.65625,0.303596858731409,0.624999999999996,96,0.15,0.16,0.16,0.1596875,0.00174905989786393,0,96,0.1,0.1,0.1,0.1,0,0,96,102.7,103.5,106.1,103.932291666667,1.02448906820775,1.92500000000001,96,9.4,9.5,9.7,9.51354166666667,0.08286932219708,0.0999999999999996,96,0.42,0.43,0.44,0.428854166666667,0.0063028467530936,0.01,0,NA,NA,NA,NA,NA,NA,96,7.9,7.9,8,7.925,0.0435285750066005,0.0250000000000004,96,1,1,2,1.10416666666667,0.307080194109023,0,96,0,96,0
"heephwq",2022-12-21,96,19.4,20.05,20.3,19.9072916666667,0.35041172525043,0.699999999999999,96,0.15,0.15,0.15,0.15,0,0,96,0.1,0.1,0.1,0.1,0,0,96,103.4,103.8,107.6,104.539583333333,1.29269031311217,2,96,9.4,9.5,9.8,9.52083333333333,0.108498524527117,0.199999999999999,96,0.41,0.42,0.42,0.416770833333333,0.00470045723793059,0.01,0,NA,NA,NA,NA,NA,NA,96,7.8,7.9,8,7.89375,0.0594934759802328,0,96,1,1,2,1.04166666666667,0.200875277704805,0,96,0,96,0
"heephwq",2022-12-22,96,19.7,20.1,20.4,20.0520833333333,0.236188669752167,0.424999999999997,96,0.15,0.15,0.15,0.15,0,0,96,0.1,0.1,0.1,0.1,0,0,96,103.4,103.9,107.1,104.673958333333,1.30313345373588,2.39999999999999,96,9.4,9.5,9.7,9.51770833333333,0.10462443275748,0.199999999999999,96,0.41,0.41,0.41,0.41,0,0,0,NA,NA,NA,NA,NA,NA,96,7.8,7.9,8,7.871875,0.0660193352858007,0.100000000000001,96,1,1,3,1.0625,0.318301412930707,0,96,0,96,0
"heephwq",2022-12-23,96,20,20.3,20.6,20.2510416666667,0.194121389947341,0.299999999999997,96,0.15,0.15,0.15,0.15,0,0,96,0.1,0.1,0.1,0.1,0,0,96,103.2,103.7,107.7,104.552083333333,1.39230813034492,2.40000000000001,96,9.3,9.4,9.7,9.46354166666667,0.108695413805993,0.125,96,0.41,0.41,0.41,0.41,0,0,0,NA,NA,NA,NA,NA,NA,96,7.8,7.9,8,7.87708333333333,0.0672452959288709,0.100000000000001,96,1,1,3,1.08333333333333,0.345395781117887,0,96,0,96,0
"heephwq",2022-12-24,96,20.2,20.6,20.8,20.4989583333333,0.245590498558996,0.5,96,0.15,0.15,0.15,0.15,0,0,96,0.1,0.1,0.1,0.1,0,0,96,103.2,103.8,108,104.689583333333,1.49331698377641,2.5,96,9.3,9.4,9.7,9.43125,0.116359244085764,0.199999999999999,96,0.41,0.41,0.41,0.41,0,0,0,NA,NA,NA,NA,NA,NA,96,7.8,7.9,8,7.87916666666667,0.0694590627888744,0.100000000000001,96,1,1,2,1.04166666666667,0.200875277704805,0,96,0,96,0
"heephwq",2022-12-25,96,20.5,20.6,21.1,20.70625,0.212658609537743,0.399999999999999,96,0.15,0.15,0.15,0.15,0,0,96,0.1,0.1,0.1,0.1,0,0,96,102.9,104.1,108,104.91875,1.38163232979575,2.39999999999999,96,9.3,9.3,9.7,9.39791666666667,0.116960782151127,0.199999999999999,96,0.41,0.41,0.53,0.412395833333333,0.0152691496103929,0,0,NA,NA,NA,NA,NA,NA,96,7.8,7.8,8,7.84166666666667,0.0555672502310996,0.100000000000001,96,1,1,3,1.0625,0.283307532364985,0,96,0,96,0
"heephwq",2022-12-26,96,20.1,20.4,20.7,20.4239583333333,0.185667950167222,0.300000000000001,96,0.15,0.15,0.15,0.15,0,0,96,0.1,0.1,0.1,0.1,0,0,96,103.5,104.3,108,104.98125,1.29055781493283,2.12499999999999,96,9.3,9.4,9.7,9.46875,0.104943593871836,0.199999999999999,96,0.4,0.41,0.42,0.4084375,0.00392780238542461,0,0,NA,NA,NA,NA,NA,NA,96,7.8,7.8,7.9,7.82604166666667,0.0441165720543265,0.100000000000001,96,0,1,3,1.02083333333333,0.250438212430959,0,96,0,96,0
"heephwq",2022-12-27,96,20.2,20.4,20.7,20.4239583333333,0.15744325070635,0.199999999999999,96,0.15,0.15,0.15,0.15,0,0,96,0.1,0.1,0.1,0.1,0,0,96,103.7,104.3,107.9,105.088541666667,1.27600278762826,2.2,96,9.3,9.4,9.7,9.47604166666667,0.107355574136817,0.199999999999999,96,0.4,0.41,0.41,0.408854166666667,0.0032019045867196,0,0,NA,NA,NA,NA,NA,NA,96,7.8,7.8,8,7.83645833333333,0.0564190928240409,0.100000000000001,96,0,1,2,0.916666666666667,0.374634324632678,0,96,0,96,0
"heephwq",2022-12-28,96,20,20.3,20.6,20.3072916666667,0.14671475487573,0.199999999999999,96,0.15,0.15,0.15,0.15,0,0,96,0.1,0.1,0.1,0.1,0,0,96,103.5,104.1,107.8,104.914583333333,1.32577517873937,2.24999999999999,96,9.3,9.4,9.7,9.47916666666667,0.11042183867397,0.199999999999999,96,0.41,0.41,0.41,0.41,0,0,0,NA,NA,NA,NA,NA,NA,96,7.8,7.8,8,7.83125,0.0488014236203048,0.100000000000001,96,0,1,5,1.09375,0.633754476782693,0,96,0,96,0
"heephwq",2022-12-29,96,19.4,20,20.4,19.9260416666667,0.291726184403572,0.400000000000002,96,0.15,0.15,0.15,0.15,0,0,96,0.1,0.1,0.1,0.1,0,0,96,103.3,104,107.8,104.736458333333,1.31149731959247,1.77499999999998,96,9.4,9.5,9.8,9.53645833333333,0.112502436620786,0.0999999999999996,96,0.41,0.41,0.42,0.412604166666667,0.00441165720543263,0.01,0,NA,NA,NA,NA,NA,NA,96,7.8,7.8,8,7.82604166666667,0.0464413419876521,0.0249999999999995,96,0,1,2,0.989583333333333,0.307615332814306,0,96,0,96,0
"heephwq",2022-12-30,96,19.8,20.2,20.6,20.1364583333333,0.269549250129942,0.5,96,0.15,0.15,0.15,0.15,0,0,96,0.1,0.1,0.1,0.1,0,0,96,103.4,104.2,107.6,104.936458333333,1.31149731959247,2.3,96,9.3,9.5,9.7,9.51770833333333,0.10462443275748,0.199999999999999,96,0.41,0.41,0.42,0.4109375,0.00293010687787826,0,0,NA,NA,NA,NA,NA,NA,96,7.7,7.8,8,7.82395833333333,0.0644732366615331,0.100000000000001,96,1,1,3,1.22916666666667,0.446722960579342,0,96,0,96,0
"heephwq",2022-12-31,96,19.9,20.2,20.6,20.20625,0.211666321314817,0.324999999999996,96,0.15,0.15,0.15,0.15,0,0,96,0.1,0.1,0.1,0.1,0,0,96,103.6,104.2,108.2,104.920833333333,1.32711929156165,1.39999999999999,96,9.4,9.5,9.7,9.5,0.110501250290616,0.199999999999999,96,0.41,0.41,0.41,0.41,0,0,0,NA,NA,NA,NA,NA,NA,96,7.7,7.8,8,7.80208333333333,0.0648547635172406,0,96,1,1,3,1.0625,0.283307532364985,0,96,0,96,0
